name,url
Farina by Anardana,https://swiggy.com/restaurants/farina-by-anardana-south-campus-delhi-512873
Street Food Karvaan,https://swiggy.com/restaurants/street-food-karvaan-preet-vihar-khureji-khas-preet-vihar-delhi-523196
Momo Maker,https://swiggy.com/restaurants/momo-maker-central-market-lajpat-nagar-delhi-340739
Sushito by Terra Food Co,https://swiggy.com/restaurants/sushito-by-terra-food-co-lajpat-nagar-delhi-484534
Too mikkii tapas,https://swiggy.com/restaurants/too-mikkii-tapas-khan-market-south-campus-delhi-465625
Moets Kulfi,https://swiggy.com/restaurants/moets-kulfi-market-defence-colony-delhi-29751
Behrouz Biryani - Royal & Safe,https://swiggy.com/restaurants/behrouz-biryani-royal-and-safe-near-metro-station-shakarpur-khas-delhi-15671
Ping's Cafe Orient,https://swiggy.com/restaurants/pings-cafe-orient-market-lodhi-colony-delhi-27036
Fat Lulu's Cafe & Bar,https://swiggy.com/restaurants/fat-lulus-cafe-and-bar-khan-market-delhi-369713
Saini Juice,https://swiggy.com/restaurants/saini-juice-near-radhe-krishna-mandir-gautam-nagar-delhi-52275
GANNU'S SHAKES AND SNACKS,https://swiggy.com/restaurants/gannus-shakes-and-snacks-laxmi-nagar-shahdara-delhi-304096
Too mikkii tapas now baking,https://swiggy.com/restaurants/too-mikkii-tapas-now-baking-south-extension-delhi-463781
PUNIKAR'S Mumbai Street Food,https://swiggy.com/restaurants/punikars-mumbai-street-food-pandav-nagar-mayur-vihar-delhi-154659
The Old Delhi,https://swiggy.com/restaurants/the-old-delhi-lajpat-nagar-defence-colony-delhi-569524
Zoet Ice Cream and Desserts,https://swiggy.com/restaurants/zoet-ice-cream-and-desserts-maharani-bagh-defence-colony-delhi-83680
AKU'S - The Brrgrr Co.,https://swiggy.com/restaurants/akus-the-brrgrr-co-south-extension-delhi-435537
SANADIGE,https://swiggy.com/restaurants/sanadige-chanakyapuri-delhi-257021
Azam's Mughlai,https://swiggy.com/restaurants/azams-mughlai-khan-market-delhi-delhi-8448
Salad Days,https://swiggy.com/restaurants/salad-days-gole-market-delhi-526516
Caffe Tonino,https://swiggy.com/restaurants/caffe-tonino-pvr-plaza-connaught-place-delhi-14607
Third Wave Coffee Roasters,https://swiggy.com/restaurants/third-wave-coffee-roasters-connaught-place-delhi-554643
Havmor Havfunn ice cream,https://swiggy.com/restaurants/havmor-havfunn-ice-cream-m-block-cp-delhi-400890
Natural Ice Cream,https://swiggy.com/restaurants/natural-ice-cream-l-block-outer-circle-connaught-place-delhi-27797
Bhalla 16,https://swiggy.com/restaurants/bhalla-16-lajpat-nagar-delhi-438118
Naga Pantry,https://swiggy.com/restaurants/naga-pantry-hauz-khas-delhi-527311
Downtown Delhi,https://swiggy.com/restaurants/downtown-delhi-laxmi-nagar-delhi-572530
Fabcafe By Fabindia,https://swiggy.com/restaurants/fabcafe-by-fabindia-lajpat-nagar-delhi-111547
Theos - Patisserie,https://swiggy.com/restaurants/theos-patisserie-south-campus-rama-krishna-puram-delhi-32092
Papacream,https://swiggy.com/restaurants/papacream-south-extension-delhi-458342
PAL CORNER,https://swiggy.com/restaurants/pal-corner-south-campus-delhi-559438
Chimney Sizzler,https://swiggy.com/restaurants/chimney-sizzler-chankyapuri-chanakyapuri-delhi-12027
Large Pot,https://swiggy.com/restaurants/large-pot-laxmi-nagar-delhi-515990
BEING HUNGRY,https://swiggy.com/restaurants/being-hungry-shakarpur-laxmi-nagar-delhi-451945
Dashi - Dimsum & Sushi Bar,https://swiggy.com/restaurants/dashi-dimsum-and-sushi-bar-karol-bagh-delhi-422811
NIC Natural Ice Creams,https://swiggy.com/restaurants/nic-natural-ice-creams-bagh-karol-bagh-delhi-169835
Cinnabon & Auntie Anne's,https://swiggy.com/restaurants/cinnabon-and-auntie-annes-shivaji-stadium-metro-connaught-place-delhi-126906
Theobroma,https://swiggy.com/restaurants/theobroma-connaught-place-delhi-58217
CHINKY'S MOMOS-SHANGHAI FOODS,https://swiggy.com/restaurants/chinkys-momos-shanghai-foods-connaught-place-delhi-344083
Kwality Walls Frozen Dessert and Ice Cream Shop,https://swiggy.com/restaurants/kwality-walls-frozen-dessert-and-ice-cream-shop-karol-bagh-connaught-place-delhi-143144
Hotel Saravana Bhavan,https://swiggy.com/restaurants/hotel-saravana-bhavan-janpath-market-connaught-place-delhi-8549
McDonald's,https://swiggy.com/restaurants/mcdonalds-cp-n-10-connaught-place-delhi-242282
Anardana Kitchen,https://swiggy.com/restaurants/anardana-kitchen-r-k-puram-sangam-delhi-417434
Indian Shake House,https://swiggy.com/restaurants/indian-shake-house-lajpat-nagar-delhi-384551
Dahi Ke Sholay (INA),https://swiggy.com/restaurants/dahi-ke-sholay-ina-south-extension-delhi-387314
Saladspoint,https://swiggy.com/restaurants/saladspoint-lajpat-nagar-delhi-402311
Bihar Central,https://swiggy.com/restaurants/bihar-central-lajpat-nagar-delhi-447341
Ramesh Namkeen Bhandar,https://swiggy.com/restaurants/ramesh-namkeen-bhandar-patel-nagar-kirti-nagar-delhi-117317
For God's Cake,https://swiggy.com/restaurants/for-gods-cake-mayur-vihar-delhi-569839
Moets OH BAO,https://swiggy.com/restaurants/moets-oh-bao-defence-colony-delhi-6086
Miso - The Asian Kitchen,https://swiggy.com/restaurants/miso-the-asian-kitchen-laxmi-nagar-delhi-497901
The waffle co.,https://swiggy.com/restaurants/the-waffle-co-laxmi-nagar-shakarpur-khas-delhi-261514
Slay Coffee,https://swiggy.com/restaurants/slay-coffee-near-metro-station-shakarpur-khas-delhi-207708
Mamagoto,https://swiggy.com/restaurants/mamagoto-khan-market-rabindra-nagar-delhi-15187
Bhaja Govindam,https://swiggy.com/restaurants/bhaja-govindam-daryaganj-connought-place-delhi-61236
Cheesecake & co.,https://swiggy.com/restaurants/cheesecake-and-co-laxmi-nagar-connaught-place-delhi-467130
FaYian,https://swiggy.com/restaurants/fayian-connaught-place-delhi-8556
Dhaba Food,https://swiggy.com/restaurants/dhaba-food-connaught-place-barakhamba-delhi-53436
Chili's American Grill & Bar,https://swiggy.com/restaurants/chilis-american-grill-and-bar-connaught-place-delhi-31716
Louis Burger,https://swiggy.com/restaurants/louis-burger-connaught-place-delhi-467579
Bistro 57,https://swiggy.com/restaurants/bistro-57-connaught-place-delhi-71429
High on desserts,https://swiggy.com/restaurants/high-on-desserts-connaught-place-delhi-463875
Barista,https://swiggy.com/restaurants/barista-regal-cinema-building-connaught-place-delhi-21301
Daryaganj - By the inventors of Butter Chicken and Dal Makhani,https://swiggy.com/restaurants/daryaganj-by-the-inventors-of-butter-chicken-and-dal-makhani-connaught-place-delhi-337468
Dunkin',https://swiggy.com/restaurants/dunkin-k-g-marg-barakhamba-delhi-19989
Big Wong,https://swiggy.com/restaurants/big-wong-paschim-vihar-kirti-nagar-delhi-340558
CHAWLA'S JUNCTION,https://swiggy.com/restaurants/chawlas-junction-laxmi-nagar-krishna-nagar-delhi-320223
SHAKE SAHAB,https://swiggy.com/restaurants/shake-sahab-laxmi-nagar-shahdara-delhi-350959
Indian Culinaire ,https://swiggy.com/restaurants/indian-culinaire-bhikaji-cama-place-rama-krishna-puram-delhi-334609
SARDAR-JI-BAKHSH COFFEE & CO,https://swiggy.com/restaurants/sardar-ji-bakhsh-coffee-and-co-lajpat-nagar-delhi-351721
The Dap's Kitchen,https://swiggy.com/restaurants/the-daps-kitchen-safdarjung-enclave-delhi-366847
Goli Vada Pav No .1,https://swiggy.com/restaurants/goli-vada-pav-no-1-baldev-park-laxmi-nagar-delhi-386538
Dum Biryani By Kilos,https://swiggy.com/restaurants/dum-biryani-by-kilos-laxmi-nagar-delhi-482297
Vicky marinated momos,https://swiggy.com/restaurants/vicky-marinated-momos-hauz-khas-lajpat-nagar-delhi-123414
Zaika Muradabadi Chicken Restaurant,https://swiggy.com/restaurants/zaika-muradabadi-chicken-restaurant-lajpat-nagar-delhi-550950
Singh Special Kitchen,https://swiggy.com/restaurants/singh-special-kitchen-lajpat-nagar-delhi-542580
Karnataka Food Centre,https://swiggy.com/restaurants/karnataka-food-centre-r-k-puram-delhi-22710
The Pasta Project,https://swiggy.com/restaurants/the-pasta-project-lajpat-nagar-delhi-403821
Afghan Darbar Restaurant,https://swiggy.com/restaurants/afghan-darbar-restaurant-lajpat-nagar-delhi-536748
Baba's,https://swiggy.com/restaurants/babas-greater-kailash-2-lajpat-nagar-delhi-414526
Oriental Mom,https://swiggy.com/restaurants/oriental-mom-mayur-vihar-patparganj-delhi-213459
Spicy Centre,https://swiggy.com/restaurants/spicy-centre-mayur-vihar-vinod-nagar-north-delhi-255851
The Burger Project by Terra Food Co,https://swiggy.com/restaurants/the-burger-project-by-terra-food-co-lajpat-nagar-delhi-482965
Caterspoint,https://swiggy.com/restaurants/caterspoint-lajpat-nagar-delhi-402310
Pick up meals by Terra Food Co,https://swiggy.com/restaurants/pick-up-meals-by-terra-food-co-lajpat-nagar-delhi-482201
Moolchand Paratha (Moolchand Metro),https://swiggy.com/restaurants/moolchand-paratha-moolchand-metro-moolchand-meetro-station-lajpat-nagar-delhi-15449
Turk Tarzi,https://swiggy.com/restaurants/turk-tarzi-lajpat-nagar-delhi-454292
Fat Wrap Fat Roll,https://swiggy.com/restaurants/fat-wrap-fat-roll-lajpat-nagar-delhi-441826
The Salt Cafe Kitchen & Bar,https://swiggy.com/restaurants/the-salt-cafe-kitchen-and-bar-preet-vihar-nirman-vihar-delhi-16443
Greenit,https://swiggy.com/restaurants/greenit-south-extension-delhi-532321
Concept,https://swiggy.com/restaurants/concept-lajpat-nagar-delhi-156772
BAWARCHI,https://swiggy.com/restaurants/bawarchi-chanakya-puri-delhi-36923
Onlinecake.in,https://swiggy.com/restaurants/onlinecake-in-laxmi-nagar-delhi-438728
Chanakya Bar Be Que,https://swiggy.com/restaurants/chanakya-bar-be-que-south-campus-chanakyapuri-delhi-346200
Hishi Cafe,https://swiggy.com/restaurants/hishi-cafe-jangpura-delhi-54527
Sushiya,https://swiggy.com/restaurants/sushiya-laxmi-nagar-delhi-34882
The cakewell Bakery,https://swiggy.com/restaurants/the-cakewell-bakery-pillar-57-laxmi-nagar-delhi-44055
The Good Bowl,https://swiggy.com/restaurants/the-good-bowl-laxmi-nagar-shakarpur-khas-delhi-157799
Firangi Bake,https://swiggy.com/restaurants/firangi-bake-laxmi-nagar-shakarpur-shakarpur-khas-delhi-29855
If Pizza,https://swiggy.com/restaurants/if-pizza-ganesh-nagar-pandav-nagar-delhi-140916
Side Wok,https://swiggy.com/restaurants/side-wok-khan-market-lodhi-colony-delhi-87045
Carnatic Cafe,https://swiggy.com/restaurants/carnatic-cafe-khan-market-lodhi-colony-delhi-291872
Keventers - Milkshakes and Desserts,https://swiggy.com/restaurants/keventers-milkshakes-and-desserts-east-patel-nagar-delhi-241468
Subking,https://swiggy.com/restaurants/subking-rajinder-nagar-old-rajinder-nagar-rajinder-nagar-delhi-201862
Blue Tokai Coffee Roasters,https://swiggy.com/restaurants/blue-tokai-coffee-roasters-khan-market-delhi-342669
Choko La,https://swiggy.com/restaurants/choko-la-khan-market-rabindra-nagar-delhi-16253
Yum Yum Cha,https://swiggy.com/restaurants/yum-yum-cha-khan-market-rabindra-nagar-delhi-288788
L' Opera,https://swiggy.com/restaurants/l-opera-khan-market-delhi-395476
La Vie Pizzeria,https://swiggy.com/restaurants/la-vie-pizzeria-khan-market-delhi-8447
Camdin Patisserie and Boulangerie,https://swiggy.com/restaurants/camdin-patisserie-and-boulangerie-rajinder-place-old-rajinder-nagar-rajinder-nagar-delhi-30075
Kings Kulfi,https://swiggy.com/restaurants/kings-kulfi-rajinder-nagar-delhi-55612
Mehtas (Old Delhi Original),https://swiggy.com/restaurants/mehtas-old-delhi-original-daryaganj-delhi-56166
Giani's,https://swiggy.com/restaurants/gianis-market-pandara-road-delhi-52745
BITTU KI BIRYANI,https://swiggy.com/restaurants/bittu-ki-biryani-karol-bagh-delhi-552273
Kaleva,https://swiggy.com/restaurants/kaleva-gole-market-connaught-place-delhi-delhi-44033
WAGH BAKRI TEA LOUNGE,https://swiggy.com/restaurants/wagh-bakri-tea-lounge-connaught-place-delhi-280583
Minar Restaurant,https://swiggy.com/restaurants/minar-restaurant-connaught-place-delhi-8907
Bijoli Grill,https://swiggy.com/restaurants/bijoli-grill-banga-bhawan-mandi-house-delhi-15692
Cream Stone Ice Cream,https://swiggy.com/restaurants/cream-stone-ice-cream-paschim-vihar-barakhamba-delhi-226473
Baskin Robbins,https://swiggy.com/restaurants/baskin-robbins-l-12-connaught-place-delhi-438612
Bangla Sweet House,https://swiggy.com/restaurants/bangla-sweet-house-gole-market-delhi-23260
Haldiram's,https://swiggy.com/restaurants/haldirams-connaught-place-delhi-367763
Ghee and Turmeric,https://swiggy.com/restaurants/ghee-and-turmeric-connaught-place-2-m-block-delhi-433575
Gulati (Pandara Road),https://swiggy.com/restaurants/gulati-pandara-road-khan-market-pandara-road-delhi-31754
Burger King,https://swiggy.com/restaurants/burger-king-inner-circle-connaught-place-delhi-8614
Khan Chacha,https://swiggy.com/restaurants/khan-chacha-cp-d-block-connaught-place-delhi-14951
Refections,https://swiggy.com/restaurants/refections-gautam-nagar-delhi-52383
Punjab Grill - Urban Punjabi Dhaba,https://swiggy.com/restaurants/punjab-grill-urban-punjabi-dhaba-bhikaji-cama-place-rama-krishna-puram-delhi-334235
Juicy Lucy Burgers,https://swiggy.com/restaurants/juicy-lucy-burgers-kirti-nagar-delhi-424197
Kulfi Bistro (Box Of Delights),https://swiggy.com/restaurants/kulfi-bistro-box-of-delights-lajpat-nagar-hauz-khas-delhi-470823
Flavours by ITC Hotels,https://swiggy.com/restaurants/flavours-by-itc-hotels-south-campus-chanakyapuri-delhi-284153
Cake Palace,https://swiggy.com/restaurants/cake-palace-south-extension-2-delhi-20496
Mazaar Restaurant,https://swiggy.com/restaurants/mazaar-restaurant-lajpat-nagar-delhi-534650
Bengal Sweet Corner,https://swiggy.com/restaurants/bengal-sweet-corner-safdarjung-enclave-delhi-17085
Rajinder Da Dhaba,https://swiggy.com/restaurants/rajinder-da-dhaba-hauz-khas-safdarjung-delhi-213451
Nagpal Di Hatti (Gandhi Nagar),https://swiggy.com/restaurants/nagpal-di-hatti-gandhi-nagar-geeta-colony-delhi-98352
Parantha On Call,https://swiggy.com/restaurants/parantha-on-call-laxmi-nagar-delhi-34206
Hong Kong Express,https://swiggy.com/restaurants/hong-kong-express-dda-market-lajpat-nagar-delhi-11803
The Spicy No.1,https://swiggy.com/restaurants/the-spicy-no-1-west-patel-nagar-delhi-526151
Khadak Singh Da Dhaba,https://swiggy.com/restaurants/khadak-singh-da-dhaba-south-extension-defence-colony-delhi-568534
Bombay Bhelpuri,https://swiggy.com/restaurants/bombay-bhelpuri-south-extension-south-extension-i-delhi-5671
GUPTA'S VEGETARIAN PARADISE,https://swiggy.com/restaurants/guptas-vegetarian-paradise-south-extension-delhi-387833
Relax Restaurant,https://swiggy.com/restaurants/relax-restaurant-market-lajpat-nagar-delhi-11814
AZUKI - Soulful Asian Experience,https://swiggy.com/restaurants/azuki-soulful-asian-experience-south-extension-delhi-433479
MoonMoon - Juicy Crustwiches,https://swiggy.com/restaurants/moonmoon-juicy-crustwiches-lajpat-nagar-delhi-371897
Badmash Biryani,https://swiggy.com/restaurants/badmash-biryani-south-extension-delhi-451888
Bengali Sweet Center,https://swiggy.com/restaurants/bengali-sweet-center-south-extension-south-extension-i-delhi-9412
ANNA DOSA SOUTH INDIAN,https://swiggy.com/restaurants/anna-dosa-south-indian-lajpat-nagar-delhi-321237
Shack Foods,https://swiggy.com/restaurants/shack-foods-kotla-mubarakpur-south-extension-i-delhi-24944
Rolls Mania,https://swiggy.com/restaurants/rolls-mania-laxmi-nagar-delhi-564923
Moets Curry Leaf,https://swiggy.com/restaurants/moets-curry-leaf-defence-colony-delhi-5999
Defence Bakery,https://swiggy.com/restaurants/defence-bakery-defence-colony-delhi-457482
Cocoberry,https://swiggy.com/restaurants/cocoberry-south-extension-delhi-414017
Matka Cha Do Rusk by Cha Pata Tea,https://swiggy.com/restaurants/matka-cha-do-rusk-by-cha-pata-tea-laxmi-nagar-delhi-510384
SRI BALAJI ANNA DOSA,https://swiggy.com/restaurants/sri-balaji-anna-dosa-lajpat-nagar-delhi-550955
Rollz Karvaan,https://swiggy.com/restaurants/rollz-karvaan-malviya-nagar-preet-vihar-delhi-526313
The Brooklyn Creamery - Healthy Ice Cream,https://swiggy.com/restaurants/the-brooklyn-creamery-healthy-ice-cream-laxmi-nagar-shakarpur-khas-delhi-367660
Urban Chinese Hub,https://swiggy.com/restaurants/urban-chinese-hub-laxmi-nagar-shakarpur-khas-delhi-358122
PRIYANSHI SOUTH INDIAN FAST FOODPOINT,https://swiggy.com/restaurants/priyanshi-south-indian-fast-foodpoint-laxmi-nagar-delhi-361928
MOMO MASTER,https://swiggy.com/restaurants/momo-master-laxmi-nagar-delhi-430911
Mad Over Donuts,https://swiggy.com/restaurants/mad-over-donuts-near-metro-station-laxmi-nagar-delhi-381401
Chidambaram's New Madras Hotel,https://swiggy.com/restaurants/chidambarams-new-madras-hotel-lodhi-colony-delhi-13386
Shri Ganesh Corner (Laxmi nagar),https://swiggy.com/restaurants/shri-ganesh-corner-laxmi-nagar-laxmi-nagar-shakarpur-khas-delhi-286267
Amour Bistro,https://swiggy.com/restaurants/amour-bistro-south-campus-chanakyapuri-delhi-344806
Jamun ,https://swiggy.com/restaurants/jamun-khan-market-lodhi-colony-delhi-295512
Fujiya,https://swiggy.com/restaurants/fujiya-malcha-marg-chanakyapuri-delhi-52518
Kamal's Traditional Sweets,https://swiggy.com/restaurants/kamals-traditional-sweets-sunder-nagar-lodi-colony-delhi-12744
Nufeast,https://swiggy.com/restaurants/nufeast-karol-bagh-rajinder-nagar-delhi-341588
Sly Granny,https://swiggy.com/restaurants/sly-granny-khan-market-rabindra-nagar-delhi-289128
Anjlika Pastry Shop,https://swiggy.com/restaurants/anjlika-pastry-shop-karol-bagh-delhi-60334
Burgrill - The Win Win Burger,https://swiggy.com/restaurants/burgrill-the-win-win-burger-shankar-road-rajinder-nagar-delhi-67382
Saleem Javed Rule The Rolls,https://swiggy.com/restaurants/saleem-javed-rule-the-rolls-khan-market-delhi-35877
Flavour Of Southvala Pvt Ltd,https://swiggy.com/restaurants/flavour-of-southvala-pvt-ltd-padam-singh-road-karol-bagh-delhi-177752
Grover Mithaivala (Rajinder Nagar),https://swiggy.com/restaurants/grover-mithaivala-rajinder-nagar-karol-bagh-delhi-391413
Great Indian Khichdi by EatFit,https://swiggy.com/restaurants/great-indian-khichdi-by-eatfit-chuna-mandi-paharganj-gole-market-delhi-258198
Annakoot by ISKCON Bangalore,https://swiggy.com/restaurants/annakoot-by-iskcon-bangalore-connaught-place-mandi-house-delhi-324401
Naivedyam,https://swiggy.com/restaurants/naivedyam-connaught-place-delhi-335116
Biryani Blues,https://swiggy.com/restaurants/biryani-blues-scindia-house-connaught-place-delhi-8620
Creme N Crisp,https://swiggy.com/restaurants/creme-n-crisp-gole-market-delhi-15607
Momos House,https://swiggy.com/restaurants/momos-house-gautam-nagar-delhi-58205
Vermaji Parathe Wale,https://swiggy.com/restaurants/vermaji-parathe-wale-gautam-nagar-yusuf-sarai-delhi-181735
Chinese Daily,https://swiggy.com/restaurants/chinese-daily-kirti-nagar-kirti-nagar-industrial-area-kirti-nagar-delhi-344023
OLD AL LAZEEZ,https://swiggy.com/restaurants/old-al-lazeez-lajpat-nagar-delhi-447923
Tikka Fatory,https://swiggy.com/restaurants/tikka-fatory-laxmi-nagar-delhi-502553
Super Snacks ,https://swiggy.com/restaurants/super-snacks-laxmi-nagar-ghondi-chowk-delhi-330179
XERO DEGREES,https://swiggy.com/restaurants/xero-degrees-south-campus-south-moti-bagh-delhi-312627
Rajshree Restaurant,https://swiggy.com/restaurants/rajshree-restaurant-laxmi-nagar-geeta-colony-delhi-311130
The Village cafe,https://swiggy.com/restaurants/the-village-cafe-chander-nagar-krishna-nagar-delhi-34941
TukTuk - Asian on Wheels,https://swiggy.com/restaurants/tuktuk-asian-on-wheels-south-extension-south-extension-ii-delhi-220238
Fitchef,https://swiggy.com/restaurants/fitchef-mangal-bazaar-updated-delhi-71430
Beliram Degchiwala (Lajpat Nagar),https://swiggy.com/restaurants/beliram-degchiwala-lajpat-nagar-2-lajpat-nagar-delhi-15329
Cafeteria & Co.,https://swiggy.com/restaurants/cafeteria-and-co-south-campus-south-moti-bagh-delhi-20631
Roll is Roll,https://swiggy.com/restaurants/roll-is-roll-nehru-nagar-lajpat-nagar-delhi-91992
Padam Chinese Corner,https://swiggy.com/restaurants/padam-chinese-corner-lajpat-nagar-delhi-111879
Gupta Ji Kachori Wale,https://swiggy.com/restaurants/gupta-ji-kachori-wale-lajpat-nagar-delhi-432945
Burger House,https://swiggy.com/restaurants/burger-house-laxmi-nagar-vinod-nagar-north-delhi-225696
Wicked Waffles,https://swiggy.com/restaurants/wicked-waffles-preet-vihar-delhi-49888
Gupta's Restaurant,https://swiggy.com/restaurants/guptas-restaurant-south-extension-2-south-extension-ii-delhi-52521
Pizza? Yes Please!,https://swiggy.com/restaurants/pizza-yes-please-lajpat-nagar-delhi-385287
Pasta Unplugged,https://swiggy.com/restaurants/pasta-unplugged-lajpat-nagar-delhi-403828
Chinese Hawker,https://swiggy.com/restaurants/chinese-hawker-mayur-vihar-patparganj-delhi-290202
Arabian Delites,https://swiggy.com/restaurants/arabian-delites-defence-colony-delhi-4705
BOX8 - Desi Meals,https://swiggy.com/restaurants/box8-desi-meals-laxmi-nagar-delhi-425373
Qureshi's Kabab Corner,https://swiggy.com/restaurants/qureshis-kabab-corner-defence-colony-lajpat-nagar-delhi-26779
NYC.PIE ,https://swiggy.com/restaurants/nyc-pie-new-lajpat-nagar-delhi-328586
Biryani Hazir ho,https://swiggy.com/restaurants/biryani-hazir-ho-south-extension-delhi-451885
Shivani Food House,https://swiggy.com/restaurants/shivani-food-house-kotla-mubarakpur-delhi-477069
NAGPAL HAVELI BLD,https://swiggy.com/restaurants/nagpal-haveli-bld-lajpat-nagar-delhi-448620
7th Heaven,https://swiggy.com/restaurants/7th-heaven-mayur-vihar-delhi-418253
Pizza? Yes Please!,https://swiggy.com/restaurants/pizza-yes-please-lajpat-nagar-delhi-385287
Pasta Unplugged,https://swiggy.com/restaurants/pasta-unplugged-lajpat-nagar-delhi-403828
Chinese Hawker,https://swiggy.com/restaurants/chinese-hawker-mayur-vihar-patparganj-delhi-290202
Arabian Delites,https://swiggy.com/restaurants/arabian-delites-defence-colony-delhi-4705
BOX8 - Desi Meals,https://swiggy.com/restaurants/box8-desi-meals-laxmi-nagar-delhi-425373
Qureshi's Kabab Corner,https://swiggy.com/restaurants/qureshis-kabab-corner-defence-colony-lajpat-nagar-delhi-26779
NYC.PIE ,https://swiggy.com/restaurants/nyc-pie-new-lajpat-nagar-delhi-328586
Biryani Hazir ho,https://swiggy.com/restaurants/biryani-hazir-ho-south-extension-delhi-451885
Shivani Food House,https://swiggy.com/restaurants/shivani-food-house-kotla-mubarakpur-delhi-477069
NAGPAL HAVELI BLD,https://swiggy.com/restaurants/nagpal-haveli-bld-lajpat-nagar-delhi-448620
7th Heaven,https://swiggy.com/restaurants/7th-heaven-mayur-vihar-delhi-418253
The Belgian Waffle Co.,https://swiggy.com/restaurants/the-belgian-waffle-co-laxmi-nagar-delhi-435690
49 Rolls,https://swiggy.com/restaurants/49-rolls-ganesh-nagar-2-extn-shakarpur-mayur-vihar-delhi-390023
Sweet Truth - Cake and Desserts,https://swiggy.com/restaurants/sweet-truth-cake-and-desserts-kotla-mubarak-pur-south-extension-i-delhi-45894
28 Capri Italy,https://swiggy.com/restaurants/28-capri-italy-lajpat-nagar-defence-colony-delhi-6283
Amici Cafe,https://swiggy.com/restaurants/amici-cafe-south-extension-defence-colony-delhi-39492
Love & Cheesecake,https://swiggy.com/restaurants/love-and-cheesecake-south-extension-defence-colony-delhi-496117
Maddi sweet center,https://swiggy.com/restaurants/maddi-sweet-center-hauz-khas-south-extenison-delhi-467279
Urban Vada Pav,https://swiggy.com/restaurants/urban-vada-pav-laxmi-nagar-shakarpur-khas-delhi-322460
LunchBox - Meals and Thalis,https://swiggy.com/restaurants/lunchbox-meals-and-thalis-rajdner-place-rajendra-place-delhi-79321
Qd's,https://swiggy.com/restaurants/qds-karol-bagh-krishna-nagar-karol-bagh-delhi-158180
South Indian Cafe,https://swiggy.com/restaurants/south-indian-cafe-rajinder-nagar-new-rajinder-nagar-delhi-46869
SodaBottleOpenerWala,https://swiggy.com/restaurants/sodabottleopenerwala-khan-market-metro-station-rabindra-nagar-delhi-8419
Punjab Sweet Corner,https://swiggy.com/restaurants/punjab-sweet-corner-karol-bagh-delhi-302447
Standard Burfee,https://swiggy.com/restaurants/standard-burfee-karol-bagh-delhi-83734
Roshan Di Kulfi,https://swiggy.com/restaurants/roshan-di-kulfi-karol-bagh-beadonpura-karol-bagh-delhi-9917
Bikanervala Chandni Chowk,https://swiggy.com/restaurants/bikanervala-chandni-chowk-old-delhi-delhi-395433
Havemore Restaurant ,https://swiggy.com/restaurants/havemore-restaurant-khan-market-india-gate-delhi-8406
Nathu's PastryShop,https://swiggy.com/restaurants/nathus-pastryshop-bengali-market-mandi-house-delhi-40802
Bangla sweet n spice,https://swiggy.com/restaurants/bangla-sweet-n-spice-connaught-place-gole-market-delhi-143021
Maalgaadi by Dhaba Estd 1986 Delhi,https://swiggy.com/restaurants/maalgaadi-by-dhaba-estd-1986-delhi-connaught-place-delhi-305529
Cafe Delhi Heights,https://swiggy.com/restaurants/cafe-delhi-heights-cannaught-place-connaught-place-delhi-66837
Bangla Foods,https://swiggy.com/restaurants/bangla-foods-gole-market-delhi-22917
Nizam's Kathi Kabab,https://swiggy.com/restaurants/nizams-kathi-kabab-connaught-place-delhi-55833
Domino's Pizza,https://swiggy.com/restaurants/dominos-pizza-connaught-circle-connaught-place-delhi-24207
Nando's,https://swiggy.com/restaurants/nandos-opp-rajiv-chowk-metro-station-connaught-place-delhi-17463
Pind Balluchi (CP),https://swiggy.com/restaurants/pind-balluchi-cp-hanuman-road-area-connaught-place-delhi-12716
MBA CHAI WALA,https://swiggy.com/restaurants/mba-chai-wala-lajpat-nagar-delhi-558508
SINDHI PAKODE,https://swiggy.com/restaurants/sindhi-pakode-lajpat-nagar-delhi-405337
Super Snacks( Krishna Nagar),https://swiggy.com/restaurants/super-snacks-krishna-nagar-krishna-nagar-delhi-36901
Bread Boxx,https://swiggy.com/restaurants/bread-boxx-safdarjung-enclave-delhi-243522
High On Burgers,https://swiggy.com/restaurants/high-on-burgers-satyaniketan-moti-bagh-delhi-3945
China Bowl,https://swiggy.com/restaurants/china-bowl-south-campus-moti-bagh-delhi-30703
Kerala To Delhi Food Corner,https://swiggy.com/restaurants/kerala-to-delhi-food-corner-south-extension-delhi-501569
Brown Sugar,https://swiggy.com/restaurants/brown-sugar-south-ex-south-extension-ii-delhi-50801
Vip RDX Resto & Bar,https://swiggy.com/restaurants/vip-rdx-resto-and-bar-hauz-khas-safdarjung-enclave-delhi-231505
Kolkata Kathi Roll,https://swiggy.com/restaurants/kolkata-kathi-roll-nehru-nagar-nehru-nagar-lajpat-nagar-delhi-18706
Oven Story Pizza,https://swiggy.com/restaurants/oven-story-pizza-lajpat-nagar-delhi-20972
PASRICHA'S DOSA JUNCTION,https://swiggy.com/restaurants/pasrichas-dosa-junction-ina-market-ina-colony-delhi-20156
Vir Ji Malai Chaap Wale,https://swiggy.com/restaurants/vir-ji-malai-chaap-wale-greater-kailash-2-lajpat-nagar-delhi-405160
IMLY,https://swiggy.com/restaurants/imly-preet-vihar-delhi-524205
WoW Sandwiches,https://swiggy.com/restaurants/wow-sandwiches-defence-colony-south-extension-i-delhi-89137
MBA in Khichdi,https://swiggy.com/restaurants/mba-in-khichdi-south-extension-delhi-505524
Artinci - Indulge Guilt Free!,https://swiggy.com/restaurants/artinci-indulge-guilt-free-south-extension-defence-colony-delhi-432445
Punikar Vadapav Centre,https://swiggy.com/restaurants/punikar-vadapav-centre-pandav-nagar-mayur-vihar-delhi-135205
The Almighty Biryani,https://swiggy.com/restaurants/the-almighty-biryani-south-extension-delhi-509011
No. 1 Uncles Parantha,https://swiggy.com/restaurants/no-1-uncles-parantha-south-ex-1-south-extension-i-delhi-58739
Jhakkas Bombay Pav Bhaji,https://swiggy.com/restaurants/jhakkas-bombay-pav-bhaji-lajpat-nagar-delhi-57800
Dial A Cake,https://swiggy.com/restaurants/dial-a-cake-pandav-nagar-vinod-nagar-north-delhi-24279
Kutty's South Indian Cafe,https://swiggy.com/restaurants/kuttys-south-indian-cafe-preet-vihar-swasthya-vihar-delhi-15645
Aggarwal Sweet India,https://swiggy.com/restaurants/aggarwal-sweet-india-pandav-nagar-patparganj-delhi-201915
Tandoori Manzil,https://swiggy.com/restaurants/tandoori-manzil-ganesh-nagar-mayur-vihar-delhi-17252
Red Chilli Chinese,https://swiggy.com/restaurants/red-chilli-chinese-west-guru-angad-nagar-laxmi-nagar-delhi-148875
Murthal No.1 Parantha,https://swiggy.com/restaurants/murthal-no-1-parantha-malviya-nagar-mayur-vihar-delhi-410374
Parantha Express,https://swiggy.com/restaurants/parantha-express-malviya-nagar-mayur-vihar-delhi-409757
South Indian Anna Madras Cafe,https://swiggy.com/restaurants/south-indian-anna-madras-cafe-near-mother-dairy-patparganj-delhi-167180
China Hut,https://swiggy.com/restaurants/china-hut-jangpura-jungpura-extension-delhi-20665
The Biryani Life,https://swiggy.com/restaurants/the-biryani-life-near-metro-station-shakarpur-khas-delhi-186204
"Kebabi Karvaan - Kebabs, Curries & Biryanis",https://swiggy.com/restaurants/kebabi-karvaan-kebabs-curries-and-biryanis-preet-vihar-east-laxmi-nagar-delhi-508014
The Yellow Bowl,https://swiggy.com/restaurants/the-yellow-bowl-shakarpur-shakarpur-khas-delhi-338507
Elma's Brasserie,https://swiggy.com/restaurants/elmas-brasserie-lodhi-colony-meharchand-market-lodhi-colony-delhi-15928
Karim's (Dastar khwan e Karim),https://swiggy.com/restaurants/karims-dastar-khwan-e-karim-nizamuddin-nizamuddin-west-delhi-51035
Faasos - Wraps & Rolls,https://swiggy.com/restaurants/faasos-wraps-and-rolls-rajdner-place-rajendra-place-delhi-79296
Art of Spices,https://swiggy.com/restaurants/art-of-spices-pusa-road-north-extension-area-rajinder-nagar-delhi-25658
M Gopinath,https://swiggy.com/restaurants/m-gopinath-karol-bagh-old-rajinder-nagar-rajinder-nagar-delhi-68693
Kashmir Sweet Shop,https://swiggy.com/restaurants/kashmir-sweet-shop-paharganj-delhi-37522
Shree Guru Vashishth,https://swiggy.com/restaurants/shree-guru-vashishth-karol-bagh-delhi-482323
Home Plate by EatFit,https://swiggy.com/restaurants/home-plate-by-eatfit-chuna-mandi-paharganj-gole-market-delhi-279866
GetAWhey - Healthy Ice creams.,https://swiggy.com/restaurants/getawhey-healthy-ice-creams-connaught-place-delhi-405571
Chawla De Mashoor Chur Chur Nan,https://swiggy.com/restaurants/chawla-de-mashoor-chur-chur-nan-paharganj-karol-bagh-delhi-57760
Maa Bhagwati,https://swiggy.com/restaurants/maa-bhagwati-paharganj-delhi-61539
Costa Grillz,https://swiggy.com/restaurants/costa-grillz-old-chandni-chowk-delhi-125999
Ministry Of Cakes,https://swiggy.com/restaurants/ministry-of-cakes-karol-bagh-multani-dhanda-pahar-ganj-paharganj-delhi-183665
Bhimsain's Bengali Sweet House,https://swiggy.com/restaurants/bhimsains-bengali-sweet-house-bengali-market-mandi-house-delhi-15561
Biryani Badshah,https://swiggy.com/restaurants/biryani-badshah-baba-kharak-singh-rd-connaught-place-delhi-114839
Masala E Handi (Since 1995),https://swiggy.com/restaurants/masala-e-handi-since-1995-connaught-place-cannaught-place-delhi-336887
Cha Bar,https://swiggy.com/restaurants/cha-bar-cp-connaught-place-delhi-9858
It's Just Wings,https://swiggy.com/restaurants/its-just-wings-connaught-place-delhi-465323
Bagundi Andhra Kitchen,https://swiggy.com/restaurants/bagundi-andhra-kitchen-cp-connaught-place-delhi-70205
Pink box,https://swiggy.com/restaurants/pink-box-outer-circle-connaught-place-delhi-42664
Depaul's,https://swiggy.com/restaurants/depauls-connaught-place-delhi-135497
Barbeque Nation,https://swiggy.com/restaurants/barbeque-nation-munshi-lal-building-connaught-place-delhi-302684
Bikkgane Biryani,https://swiggy.com/restaurants/bikkgane-biryani-opposite-pvr-rivoli-connaught-place-delhi-8619
Starbucks Coffee,https://swiggy.com/restaurants/starbucks-coffee-hamilton-house-connaught-place-delhi-69464
Ganesh Restaurant,https://swiggy.com/restaurants/ganesh-restaurant-gurudwara-road-chowk-arya-samaj-road-karol-bagh-delhi-9873
The 2nd Wife,https://swiggy.com/restaurants/the-2nd-wife-shahdara-krishna-nagar-delhi-103922
Bhalla King,https://swiggy.com/restaurants/bhalla-king-lajpat-nagar-delhi-84163
Punjabi Tikka Junction,https://swiggy.com/restaurants/punjabi-tikka-junction-laxmi-nagar-geeta-colony-delhi-371290
Bharat Chicken Inn,https://swiggy.com/restaurants/bharat-chicken-inn-krishna-nagar-geeta-colony-delhi-65770
For God's Cake,https://swiggy.com/restaurants/for-gods-cake-south-campus-moti-bagh-delhi-305644
Nashta wala,https://swiggy.com/restaurants/nashta-wala-nehru-nagar-lajpat-nagar-delhi-81298
KC restaurant,https://swiggy.com/restaurants/kc-restaurant-south-campus-moti-bagh-delhi-312289
Tandoor Style,https://swiggy.com/restaurants/tandoor-style-lajpat-nagar-delhi-37821
Chaap King,https://swiggy.com/restaurants/chaap-king-defence-colony-flyover-market-lajpat-nagar-delhi-401241
Beville by Weds & More,https://swiggy.com/restaurants/beville-by-weds-and-more-south-extension-delhi-212981
Veer Ji Malai Chaap Wale,https://swiggy.com/restaurants/veer-ji-malai-chaap-wale-lajpat-nagar-delhi-463378
Amar Jyoti,https://swiggy.com/restaurants/amar-jyoti-sarojini-nagar-delhi-18729
Insta Pizza,https://swiggy.com/restaurants/insta-pizza-jangpura-new-lajpat-nagar-delhi-51188
Aamantran Bangla,https://swiggy.com/restaurants/aamantran-bangla-pandav-nagar-patparganj-delhi-18324
De Sethi's Pick-n-carry,https://swiggy.com/restaurants/de-sethis-pick-n-carry-1-lajpat-nagar-delhi-4440
Sanskari Biryani,https://swiggy.com/restaurants/sanskari-biryani-south-extension-delhi-506251
The Yellow Chilli,https://swiggy.com/restaurants/the-yellow-chilli-v3s-mall-laxmi-nagar-swasthya-vihar-delhi-350145
Burger Point,https://swiggy.com/restaurants/burger-point-guru-nankpura-gali-number-4-laxmi-nagar-delhi-27189
Break n rolls,https://swiggy.com/restaurants/break-n-rolls-mayur-vihar-ganesh-nagar-delhi-362825
Chinese Hut Lajpat Nagar,https://swiggy.com/restaurants/chinese-hut-lajpat-nagar-lajpat-nagar-delhi-204497
Grameen Kulfi,https://swiggy.com/restaurants/grameen-kulfi-shakarpur-shakarpur-khas-delhi-355354
Fingerlicious(Vikas Marg),https://swiggy.com/restaurants/fingerlicious-vikas-marg-nirman-vihar-metro-station-laxmi-nagar-delhi-11335
Rollsking,https://swiggy.com/restaurants/rollsking-flyover-market-defence-colony-lajpat-nagar-delhi-345823
Hot N Cool,https://swiggy.com/restaurants/hot-n-cool-laxmi-nagar-delhi-489979
Namaste Foodcy (Shakarpur),https://swiggy.com/restaurants/namaste-foodcy-shakarpur-laxmi-nagar-shakarpur-khas-delhi-89748
Lodhi Knights,https://swiggy.com/restaurants/lodhi-knights-lodhi-colony-delhi-delhi-23565
Bihar Bhawan Canteen,https://swiggy.com/restaurants/bihar-bhawan-canteen-khan-market-hauz-khas-delhi-425149
The Artful Baker,https://swiggy.com/restaurants/the-artful-baker-khan-market-rabindra-nagar-delhi-8422
Wrapss Kathi Rolls,https://swiggy.com/restaurants/wrapss-kathi-rolls-north-extension-area-rajinder-nagar-karol-bagh-delhi-12369
Lazeez Kebab & Curries,https://swiggy.com/restaurants/lazeez-kebab-and-curries-old-rajender-nagar-old-rajinder-nagar-rajinder-nagar-delhi-92029
Arya Bhavan,https://swiggy.com/restaurants/arya-bhavan-karol-bagh-delhi-94172
Al Yamin,https://swiggy.com/restaurants/al-yamin-old-jama-masjid-old-delhi-delhi-140521
Qureshi Kabab Corner (Old Delhi Original),https://swiggy.com/restaurants/qureshi-kabab-corner-old-delhi-original-jama-masjid-jama-masjid-old-delhi-delhi-42002
EatFit,https://swiggy.com/restaurants/eatfit-laxmi-narain-street-karol-bagh-delhi-443497
Desi Mojo,https://swiggy.com/restaurants/desi-mojo-paharganj-bharat-nagar-paharganj-delhi-81835
Sachdeva's  Multi Cuisine Joint,https://swiggy.com/restaurants/sachdevas-multi-cuisine-joint-mirdad-road-barakhamba-delhi-14445
Tadka 4986,https://swiggy.com/restaurants/tadka-4986-nehru-bazaar-paharganj-delhi-29777
Wow! Momo,https://swiggy.com/restaurants/wow-momo-new-railway-station-connaught-place-delhi-365634
Handi Chhadeyan Di (Since 2012),https://swiggy.com/restaurants/handi-chhadeyan-di-since-2012-connaught-place-cannaught-place-delhi-14586
Rooh Burger Cafe,https://swiggy.com/restaurants/rooh-burger-cafe-connaught-place-delhi-39209
Bikanervala,https://swiggy.com/restaurants/bikanervala-connaught-place-delhi-40414
Lazeez Affaire,https://swiggy.com/restaurants/lazeez-affaire-connaught-place-delhi-34475
Punjab Grill,https://swiggy.com/restaurants/punjab-grill-janpath-delhi-125872
Embassy,https://swiggy.com/restaurants/embassy-connaught-place-delhi-9086
Jain Chawal Wale,https://swiggy.com/restaurants/jain-chawal-wale-connaught-place-delhi-557536
Nazeer Foods,https://swiggy.com/restaurants/nazeer-foods-cannaught-place-connaught-place-delhi-56773
Sagar Ratna,https://swiggy.com/restaurants/sagar-ratna-outer-circle-connaught-place-delhi-8621
Bhape Da Hotel,https://swiggy.com/restaurants/bhape-da-hotel-connaught-place-barakhamba-delhi-8638
UBQ by Barbeque Nation,https://swiggy.com/restaurants/ubq-by-barbeque-nation-munshi-lal-building-connaught-place-delhi-286518
Rooh Burger Cafe,https://swiggy.com/restaurants/rooh-burger-cafe-connaught-place-delhi-39209
Delhi6 Bedmi Poori,https://swiggy.com/restaurants/delhi6-bedmi-poori-lajpat-nagar-delhi-427890
Unmarried Kitchen - Value Meals and Combos,https://swiggy.com/restaurants/unmarried-kitchen-value-meals-and-combos-preet-vihar-east-laxmi-nagar-delhi-491185
Pind Balluchi,https://swiggy.com/restaurants/pind-balluchi-central-market-lajpat-nagar-delhi-12756
Play Pizza,https://swiggy.com/restaurants/play-pizza-dda-market-nirman-vihar-delhi-10977
Sanjay Chur Chur Naan,https://swiggy.com/restaurants/sanjay-chur-chur-naan-moolchand-meetro-station-lajpat-nagar-delhi-15448
The Yellow Bowl ,https://swiggy.com/restaurants/the-yellow-bowl-patparganj-rd-krishna-nagar-geeta-colony-delhi-141957
Bombay canteen,https://swiggy.com/restaurants/bombay-canteen-lajpat-nagar-delhi-459706
Haryana sweets & restaurant,https://swiggy.com/restaurants/haryana-sweets-and-restaurant-south-ganesh-nagar-delhi-168292
Linguini- Artisan Pizzas and Pastas,https://swiggy.com/restaurants/linguini-artisan-pizzas-and-pastas-lajpat-nagar-greater-kailash-delhi-371220
South Zone,https://swiggy.com/restaurants/south-zone-laxmi-nagar-delhi-77650
BTW,https://swiggy.com/restaurants/btw-laxmi-nagar-delhi-540378
China Town,https://swiggy.com/restaurants/china-town-jangpura-delhi-113496
Chicago pizza,https://swiggy.com/restaurants/chicago-pizza-lajpat-nagar-delhi-376499
EATaliano-the gourmet pizzeria,https://swiggy.com/restaurants/eataliano-the-gourmet-pizzeria-nagar-laxmi-delhi-350981
Nathu's Sweets,https://swiggy.com/restaurants/nathus-sweets-vivek-marg-laxmi-nagar-delhi-10982
China Town,https://swiggy.com/restaurants/china-town-jangpura-delhi-113496
EATaliano-the gourmet pizzeria,https://swiggy.com/restaurants/eataliano-the-gourmet-pizzeria-nagar-laxmi-delhi-350981
Unmarried Kitchen - Value Meals and Combos,https://swiggy.com/restaurants/unmarried-kitchen-value-meals-and-combos-preet-vihar-east-laxmi-nagar-delhi-491185
South Zone,https://swiggy.com/restaurants/south-zone-laxmi-nagar-delhi-77650
Bobby Tikki Wala,https://swiggy.com/restaurants/bobby-tikki-wala-laxmi-nagar-delhi-40337
BIKANER SWEETS & SNACKS,https://swiggy.com/restaurants/bikaner-sweets-and-snacks-laxmi-nagar-delhi-454762
Champaran kitchen,https://swiggy.com/restaurants/champaran-kitchen-laxmi-nagar-shakarpur-khas-delhi-356500
Bikaneri Sweets Corner,https://swiggy.com/restaurants/bikaneri-sweets-corner-laxmi-nagar-shakarpur-delhi-95191
Dhading KTM,https://swiggy.com/restaurants/dhading-ktm-lalita-park-laxmi-nagar-delhi-42688
La Pino'z Pizza,https://swiggy.com/restaurants/la-pinoz-pizza-laxmi-nagar-delhi-157583
Al kadeer Chicken corner,https://swiggy.com/restaurants/al-kadeer-chicken-corner-mother-dairy-road-shakarpur-khas-delhi-168151
Ghalib Kabab Corner,https://swiggy.com/restaurants/ghalib-kabab-corner-khan-market-delhi-521859
Punjabi Zaika,https://swiggy.com/restaurants/punjabi-zaika-near-khalsa-college-sant-nagar-karol-bagh-delhi-40824
Nathu Sweets,https://swiggy.com/restaurants/nathu-sweets-sunder-nagar-sunder-nagar-lodhi-colony-delhi-26783
classic chicken,https://swiggy.com/restaurants/classic-chicken-connaught-place-gole-market-delhi-458503
Giani,https://swiggy.com/restaurants/giani-gole-market-delhi-20297
Satnam Rasoi,https://swiggy.com/restaurants/satnam-rasoi-mayur-vihar-vinod-nagar-north-delhi-328829
Alkakori Alkauser,https://swiggy.com/restaurants/alkakori-alkauser-laxmi-nagar-delhi-389315
NH1 Bowls - Highway To North,https://swiggy.com/restaurants/nh1-bowls-highway-to-north-laxmi-nagar-delhi-425379
Chickeera,https://swiggy.com/restaurants/chickeera-khan-market-south-extension-delhi-338299
The Sugar Free Keto Kafe - By Artinci,https://swiggy.com/restaurants/the-sugar-free-keto-kafe-by-artinci-south-extension-defence-colony-delhi-433285
Chinese Monk (Authentic Pan Asian),https://swiggy.com/restaurants/chinese-monk-authentic-pan-asian-south-extension-delhi-530115
Winner Pizzas (Fresh Dough),https://swiggy.com/restaurants/winner-pizzas-fresh-dough-south-extension-delhi-451869
Ranch And Pepper,https://swiggy.com/restaurants/ranch-and-pepper-defence-colony-delhi-486706
Capri Wings,https://swiggy.com/restaurants/capri-wings-south-extension-defence-colony-delhi-139977
Bihar Ki Rasoi,https://swiggy.com/restaurants/bihar-ki-rasoi-dilli-haat-ina-kidwai-nagar-delhi-20270
Paranthewala,https://swiggy.com/restaurants/paranthewala-vijay-block-laxmi-nagar-delhi-106555
Italy Pizzeria,https://swiggy.com/restaurants/italy-pizzeria-laxmi-nagar-delhi-494372
Indian Taste,https://swiggy.com/restaurants/indian-taste-mayur-vihar-laxmi-nagar-delhi-430891
CHAMPARAN MEAT HOUSE,https://swiggy.com/restaurants/champaran-meat-house-laxmi-nagar-delhi-321945
Joshi eating house,https://swiggy.com/restaurants/joshi-eating-house-shakarpur-shakarpur-khas-delhi-169845
Rominus Pizza And Burger,https://swiggy.com/restaurants/rominus-pizza-and-burger-laxmi-nagar-delhi-417161
La Milano Pizzeria,https://swiggy.com/restaurants/la-milano-pizzeria-rajinder-nagar-delhi-54931
Shawarma Kings,https://swiggy.com/restaurants/shawarma-kings-apsara-arcade-rajinder-nagar-delhi-12366
Chowringhee,https://swiggy.com/restaurants/chowringhee-china-market-karol-bagh-delhi-43008
KRISHNA DHABA,https://swiggy.com/restaurants/krishna-dhaba-karol-bagh-paharganj-delhi-357115
Pizza Hut,https://swiggy.com/restaurants/pizza-hut-wea-tank-road-karol-bagh-delhi-435678
Canteen Central by Eatfit,https://swiggy.com/restaurants/canteen-central-by-eatfit-chuna-mandi-paharganj-karol-bagh-delhi-125004
Paratha Box by EatFit,https://swiggy.com/restaurants/paratha-box-by-eatfit-laxmi-narain-street-karol-bagh-delhi-432785
Swagat Dhaba,https://swiggy.com/restaurants/swagat-dhaba-paharganj-delhi-81836
Andhra Kodi Pulao,https://swiggy.com/restaurants/andhra-kodi-pulao-connaught-place-delhi-305595
DASAPRAKASH,https://swiggy.com/restaurants/dasaprakash-connaught-place-delhi-471341
I C Corner,https://swiggy.com/restaurants/i-c-corner-road-barakhamba-delhi-27635
Tandoori Handi (Since 1999) ,https://swiggy.com/restaurants/tandoori-handi-since-1999-connaught-place-delhi-435019
Subway,https://swiggy.com/restaurants/subway-m-block-connaught-place-delhi-16418
Slice,https://swiggy.com/restaurants/slice-connaught-place-delhi-391308
United Coffee House,https://swiggy.com/restaurants/united-coffee-house-e-block-connaught-place-delhi-34874
JVS,https://swiggy.com/restaurants/jvs-south-campus-delhi-539244
Punjabi's Veg Grill ( jheel wale ),https://swiggy.com/restaurants/punjabis-veg-grill-jheel-wale-jheel-khuranja-geeta-colony-delhi-416254
Pizza Studio,https://swiggy.com/restaurants/pizza-studio-mayur-vihar-phase-1-nirman-vihar-delhi-32087
Om Sai South Indian dosa,https://swiggy.com/restaurants/om-sai-south-indian-dosa-pandav-nagar-patparganj-delhi-130070
Make My Thali by Punjabi Tadka,https://swiggy.com/restaurants/make-my-thali-by-punjabi-tadka-laxmi-nagar-mangal-bazar-delhi-133583
Riyaz Biryani Corner,https://swiggy.com/restaurants/riyaz-biryani-corner-shakurpur-shakarpur-khas-delhi-71911
Karim's,https://swiggy.com/restaurants/karims-laxmi-nagar-shakarpur-khas-delhi-255505
Wrap & Roll,https://swiggy.com/restaurants/wrap-and-roll-apsara-arcade-north-extension-area-rajinder-nagar-delhi-10157
Dayal Dhaba,https://swiggy.com/restaurants/dayal-dhaba-34-baird-lane-gole-market-delhi-153941
Delhi Darbar Dhaba,https://swiggy.com/restaurants/delhi-darbar-dhaba-ndmc-market-mandi-house-delhi-14677
Southy,https://swiggy.com/restaurants/southy-cp-barakhamba-delhi-45854
The Chaap Factory,https://swiggy.com/restaurants/the-chaap-factory-laxmi-nagar-delhi-390273
High On Shakes,https://swiggy.com/restaurants/high-on-shakes-south-moti-bagh-delhi-222743
Chicken Paradise,https://swiggy.com/restaurants/chicken-paradise-laxmi-nagar-delhi-502709
Five Star Chicken,https://swiggy.com/restaurants/five-star-chicken-laxmi-nagar-delhi-402584
Golden Fiesta,https://swiggy.com/restaurants/golden-fiesta-central-market-lajpat-nagar-delhi-124576
MADRAS CAFE,https://swiggy.com/restaurants/madras-cafe-laxmi-nagar-chander-nagar-delhi-465735
Slice,https://swiggy.com/restaurants/slice-connaught-place-delhi-391308
United Coffee House,https://swiggy.com/restaurants/united-coffee-house-e-block-connaught-place-delhi-34874
JVS,https://swiggy.com/restaurants/jvs-south-campus-delhi-539244
Punjabi's Veg Grill ( jheel wale ),https://swiggy.com/restaurants/punjabis-veg-grill-jheel-wale-jheel-khuranja-geeta-colony-delhi-416254
Pizza Studio,https://swiggy.com/restaurants/pizza-studio-mayur-vihar-phase-1-nirman-vihar-delhi-32087
Om Sai South Indian dosa,https://swiggy.com/restaurants/om-sai-south-indian-dosa-pandav-nagar-patparganj-delhi-130070
Make My Thali by Punjabi Tadka,https://swiggy.com/restaurants/make-my-thali-by-punjabi-tadka-laxmi-nagar-mangal-bazar-delhi-133583
Riyaz Biryani Corner,https://swiggy.com/restaurants/riyaz-biryani-corner-shakurpur-shakarpur-khas-delhi-71911
Karim's,https://swiggy.com/restaurants/karims-laxmi-nagar-shakarpur-khas-delhi-255505
ARSHAD  ALI  SHAHI  BIRYANI,https://swiggy.com/restaurants/arshad-ali-shahi-biryani-khan-market-nizamuddin-west-delhi-232198
Wrap & Roll,https://swiggy.com/restaurants/wrap-and-roll-apsara-arcade-north-extension-area-rajinder-nagar-delhi-10157
Dayal Dhaba,https://swiggy.com/restaurants/dayal-dhaba-34-baird-lane-gole-market-delhi-153941
Delhi Darbar Dhaba,https://swiggy.com/restaurants/delhi-darbar-dhaba-ndmc-market-mandi-house-delhi-14677
Southy,https://swiggy.com/restaurants/southy-cp-barakhamba-delhi-45854
The Chaap Factory,https://swiggy.com/restaurants/the-chaap-factory-laxmi-nagar-delhi-390273
High On Shakes,https://swiggy.com/restaurants/high-on-shakes-south-moti-bagh-delhi-222743
Punjabi Tadka,https://swiggy.com/restaurants/punjabi-tadka-west-guru-angad-nagar-mangal-bazar-delhi-11337
French-The Oven cake story,https://swiggy.com/restaurants/french-the-oven-cake-story-laxmi-nagar-delhi-450282
Pure Veg Meals by Lunchbox,https://swiggy.com/restaurants/pure-veg-meals-by-lunchbox-near-metro-station-shakarpur-khas-delhi-263577
U Like,https://swiggy.com/restaurants/u-like-paharganj-delhi-57757
Gupta Foods,https://swiggy.com/restaurants/gupta-foods-middle-circle-connaught-place-delhi-22866
Mehfil Biryani by Zakir Khan,https://swiggy.com/restaurants/mehfil-biryani-by-zakir-khan-kirti-nagar-delhi-503971
PRINCE  POINT,https://swiggy.com/restaurants/prince-point-laxmi-nagar-krishna-nagar-delhi-310814
Prince Cafe,https://swiggy.com/restaurants/prince-cafe-krishna-nagar-delhi-34642
Guruh Cakes,https://swiggy.com/restaurants/guruh-cakes-south-extension-south-extension-ii-delhi-322999
Moti Mahal Delux Legendary Culinary,https://swiggy.com/restaurants/moti-mahal-delux-legendary-culinary-south-extension-ii-delhi-8917
GARHWAL MAHAK CHINESE FOOD,https://swiggy.com/restaurants/garhwal-mahak-chinese-food-south-extension-ina-colony-delhi-310060
Bhola dhaba,https://swiggy.com/restaurants/bhola-dhaba-guru-nanak-market-hospital-rd-bhogal-jangpura-lajpat-nagar-delhi-186000
grill out tandoor and fast food,https://swiggy.com/restaurants/grill-out-tandoor-and-fast-food-shakarpur-delhi-181287
Ram ji Samose wala,https://swiggy.com/restaurants/ram-ji-samose-wala-laxmi-nagar-shakarpur-khas-delhi-204678
CHAUBARA,https://swiggy.com/restaurants/chaubara-connaught-place-delhi-412124
BHALLA SINGH,https://swiggy.com/restaurants/bhalla-singh-lajpat-nagar-delhi-524932
Delhi Darbar,https://swiggy.com/restaurants/delhi-darbar-gole-market-mandi-house-delhi-27038
Feed Me More,https://swiggy.com/restaurants/feed-me-more-laxmi-nagar-delhi-502857
Chawla Refreshment,https://swiggy.com/restaurants/chawla-refreshment-main-road-geeta-colony-east-krishna-nagar-delhi-222218
The Chinese Hut,https://swiggy.com/restaurants/the-chinese-hut-laxmi-nagar-delhi-549844
Punjabi Tadka,https://swiggy.com/restaurants/punjabi-tadka-west-guru-angad-nagar-mangal-bazar-delhi-11337
French-The Oven cake story,https://swiggy.com/restaurants/french-the-oven-cake-story-laxmi-nagar-delhi-450282
Pure Veg Meals by Lunchbox,https://swiggy.com/restaurants/pure-veg-meals-by-lunchbox-near-metro-station-shakarpur-khas-delhi-263577
U Like,https://swiggy.com/restaurants/u-like-paharganj-delhi-57757
Gupta Foods,https://swiggy.com/restaurants/gupta-foods-middle-circle-connaught-place-delhi-22866
Mehfil Biryani by Zakir Khan,https://swiggy.com/restaurants/mehfil-biryani-by-zakir-khan-kirti-nagar-delhi-503971
PRINCE  POINT,https://swiggy.com/restaurants/prince-point-laxmi-nagar-krishna-nagar-delhi-310814
Prince Cafe,https://swiggy.com/restaurants/prince-cafe-krishna-nagar-delhi-34642
Guruh Cakes,https://swiggy.com/restaurants/guruh-cakes-south-extension-south-extension-ii-delhi-322999
Moti Mahal Delux Legendary Culinary,https://swiggy.com/restaurants/moti-mahal-delux-legendary-culinary-south-extension-ii-delhi-8917
GARHWAL MAHAK CHINESE FOOD,https://swiggy.com/restaurants/garhwal-mahak-chinese-food-south-extension-ina-colony-delhi-310060
Bhola dhaba,https://swiggy.com/restaurants/bhola-dhaba-guru-nanak-market-hospital-rd-bhogal-jangpura-lajpat-nagar-delhi-186000
grill out tandoor and fast food,https://swiggy.com/restaurants/grill-out-tandoor-and-fast-food-shakarpur-delhi-181287
Ram ji Samose wala,https://swiggy.com/restaurants/ram-ji-samose-wala-laxmi-nagar-shakarpur-khas-delhi-204678
CHAUBARA,https://swiggy.com/restaurants/chaubara-connaught-place-delhi-412124
BHALLA SINGH,https://swiggy.com/restaurants/bhalla-singh-lajpat-nagar-delhi-524932
Captain Sam's Pizza,https://swiggy.com/restaurants/captain-sams-pizza-rajouri-garden-kirti-nagar-delhi-510649
Om Sai Om Bhel Puri Sev Puri,https://swiggy.com/restaurants/om-sai-om-bhel-puri-sev-puri-near-milan-cinema-karam-pura-delhi-153866
Kulcha Junction,https://swiggy.com/restaurants/kulcha-junction-nehru-nagar-lajpat-nagar-delhi-44090
Parantha Wala,https://swiggy.com/restaurants/parantha-wala-lajpat-nagar-delhi-81297
Tandoori Tadka,https://swiggy.com/restaurants/tandoori-tadka-defence-enclave-swasthya-vihar-delhi-13065
BIHAR DHABA,https://swiggy.com/restaurants/bihar-dhaba-mayur-vihar-patparganj-delhi-270087
HIRA SWEET LAL QUARTER,https://swiggy.com/restaurants/hira-sweet-lal-quarter-laxmi-nagar-delhi-466953
Bewafa Biryani Wala,https://swiggy.com/restaurants/bewafa-biryani-wala-mayur-vihar-vinod-nagar-north-delhi-225512
Bikaner sweets,https://swiggy.com/restaurants/bikaner-sweets-laxmi-nagar-geeta-colony-delhi-222246
Dah,https://swiggy.com/restaurants/dah-defence-colony-delhi-140416
Gulati's Kitchen,https://swiggy.com/restaurants/gulatis-kitchen-connaught-place-delhi-460996
SPICES OF SOUTH,https://swiggy.com/restaurants/spices-of-south-laxmi-nagar-krishna-nagar-delhi-255366
Aamantrit,https://swiggy.com/restaurants/aamantrit-vijay-chowk-krishna-nagar-vijay-chowk-krishna-nagar-delhi-556535
Te Amo,https://swiggy.com/restaurants/te-amo-south-extension-andrews-ganj-delhi-335233
Pihu Pizza Point,https://swiggy.com/restaurants/pihu-pizza-point-laxmi-nagar-delhi-579126
The Pizza Bite Cafe,https://swiggy.com/restaurants/the-pizza-bite-cafe-krishna-nagar-laxmi-nagar-delhi-511650
Zaika point,https://swiggy.com/restaurants/zaika-point-dilshad-gardens-delhi-572310
THE DESI ZAIKA,https://swiggy.com/restaurants/the-desi-zaika-dilshad-gardens-delhi-571831
HOME BYTE,https://swiggy.com/restaurants/home-byte-laxmi-nagar-krishna-nagar-delhi-528363
The Times of Roll,https://swiggy.com/restaurants/the-times-of-roll-laxmi-nagar-delhi-506062
Big Fat Rollz,https://swiggy.com/restaurants/big-fat-rollz-dwarka-mor-kirti-nagar-industrial-area-kirti-nagar-delhi-47140
Kadak Singh,https://swiggy.com/restaurants/kadak-singh-south-extension-delhi-577958
VISHNU PIZZA POINT,https://swiggy.com/restaurants/vishnu-pizza-point-laxmi-nagar-delhi-275815
Shree Shyam Frozen Desserts,https://swiggy.com/restaurants/shree-shyam-frozen-desserts-laxmi-nagar-delhi-566962
Purvis Kitchen,https://swiggy.com/restaurants/purvis-kitchen-south-extension-delhi-502298
Mother India,https://swiggy.com/restaurants/mother-india-south-extension-delhi-577868
Rock N' Roll Restro,https://swiggy.com/restaurants/rock-n-roll-restro-laxmi-nagar-delhi-553155
Yaara Da Adda,https://swiggy.com/restaurants/yaara-da-adda-laxmi-nagar-krishna-nagar-delhi-406345
Aahaaa,https://swiggy.com/restaurants/aahaaa-laxmi-nagar-geeta-colony-delhi-224516
The Cake Couture,https://swiggy.com/restaurants/the-cake-couture-south-extension-delhi-550298
Fuel Juice Bar,https://swiggy.com/restaurants/fuel-juice-bar-hauz-khas-south-extension-part-2-delhi-398630
Butter chicken babe,https://swiggy.com/restaurants/butter-chicken-babe-lajpat-nagar-delhi-503894
GURU JI RASOI,https://swiggy.com/restaurants/guru-ji-rasoi-laxmi-nagar-delhi-575659
Eis & Bites,https://swiggy.com/restaurants/eis-and-bites-laxmi-nagar-delhi-583420
Pizza Never Lies,https://swiggy.com/restaurants/pizza-never-lies-south-campus-delhi-526754
DESI DIVINE,https://swiggy.com/restaurants/desi-divine-laxmi-nagar-krishna-nagar-delhi-540070
HOME BYTE,https://swiggy.com/restaurants/home-byte-laxmi-nagar-krishna-nagar-delhi-528363
Aamantrit,https://swiggy.com/restaurants/aamantrit-vijay-chowk-krishna-nagar-vijay-chowk-krishna-nagar-delhi-556535
The Times of Roll,https://swiggy.com/restaurants/the-times-of-roll-laxmi-nagar-delhi-506062
The Pizza Bite Cafe,https://swiggy.com/restaurants/the-pizza-bite-cafe-krishna-nagar-laxmi-nagar-delhi-511650
Dalgrak,https://swiggy.com/restaurants/dalgrak-lajpat-nagar-delhi-410157
Frozen Pizza Hub,https://swiggy.com/restaurants/frozen-pizza-hub-rajgarh-colony-gandhi-nagar-shahdara-delhi-171058
Pihu Pizza Point,https://swiggy.com/restaurants/pihu-pizza-point-laxmi-nagar-delhi-579126
DELHI ZAIKA,https://swiggy.com/restaurants/delhi-zaika-laxmi-nagar-krishna-nagar-delhi-410896
Purvis Kitchen,https://swiggy.com/restaurants/purvis-kitchen-south-extension-delhi-502298
Mother India,https://swiggy.com/restaurants/mother-india-south-extension-delhi-577868
Rock N' Roll Restro,https://swiggy.com/restaurants/rock-n-roll-restro-laxmi-nagar-delhi-553155
Yaara Da Adda,https://swiggy.com/restaurants/yaara-da-adda-laxmi-nagar-krishna-nagar-delhi-406345
Shah Ji Kulcha,https://swiggy.com/restaurants/shah-ji-kulcha-krishna-nagar-delhi-513117
THE EATERIA,https://swiggy.com/restaurants/the-eateria-south-extension-delhi-486091
MAHAK VADA PAV,https://swiggy.com/restaurants/mahak-vada-pav-laxmi-nagar-delhi-589727
JACK IN THE BOX,https://swiggy.com/restaurants/jack-in-the-box-laxmi-nagar-delhi-589732
TKs Oriental Grill - Hyatt regency,https://swiggy.com/restaurants/tks-oriental-grill-hyatt-regency-r-k-puram-rama-krishna-puram-delhi-264529
Cafe - Hyatt Regency,https://swiggy.com/restaurants/cafe-hyatt-regency-r-k-puram-rama-krishna-puram-delhi-264530
The China Kitchen - Hyatt Regency,https://swiggy.com/restaurants/the-china-kitchen-hyatt-regency-r-k-puram-south-campus-delhi-264430
MAMA JI BURGER,https://swiggy.com/restaurants/mama-ji-burger-laxmi-nagar-shahdara-delhi-357733
Sidewalk - Hyatt Regency,https://swiggy.com/restaurants/sidewalk-hyatt-regency-r-k-puram-rama-krishna-puram-delhi-264531
La Piazza - Hyatt regency Delhi,https://swiggy.com/restaurants/la-piazza-hyatt-regency-delhi-r-k-puram-rama-krishna-puram-delhi-264528
RIGHT CHOICE FOOD HUB,https://swiggy.com/restaurants/right-choice-food-hub-shahdara-laxmi-nagar-delhi-234412
PIND KANEDA,https://swiggy.com/restaurants/pind-kaneda-south-campus-delhi-478019
RAJA BHOJ & CO.,https://swiggy.com/restaurants/raja-bhoj-and-co-south-campus-delhi-478021
LAALE DI CHAAP,https://swiggy.com/restaurants/laale-di-chaap-south-campus-delhi-478024
ROZI ROTI,https://swiggy.com/restaurants/rozi-roti-south-campus-delhi-478041
CHICKEN KHURANA,https://swiggy.com/restaurants/chicken-khurana-south-campus-delhi-478047
The Cake Store,https://swiggy.com/restaurants/the-cake-store-laxmi-nagar-delhi-527259
MEATBAAZ.COM,https://swiggy.com/restaurants/meatbaaz-com-greater-kailash-2-lajpat-nagar-delhi-330367
EXCELLENT DUMPLING HOUSE,https://swiggy.com/restaurants/excellent-dumpling-house-south-campus-delhi-478066
OYE CHOTU,https://swiggy.com/restaurants/oye-chotu-south-campus-delhi-478056
DOU CHI,https://swiggy.com/restaurants/dou-chi-south-campus-delhi-478075
BALLU BAWARCHI,https://swiggy.com/restaurants/ballu-bawarchi-south-campus-delhi-477883
Let's Wok,https://swiggy.com/restaurants/lets-wok-south-campus-delhi-497077
Butter chicken babe,https://swiggy.com/restaurants/butter-chicken-babe-lajpat-nagar-delhi-503894
SHANGHAI CHILLIES,https://swiggy.com/restaurants/shanghai-chillies-south-campus-delhi-475059
THE 3 STOREY MULTICUISINE RESTAURANT,https://swiggy.com/restaurants/the-3-storey-multicuisine-restaurant-krishna-nagar-laxmi-nagar-delhi-438964
KHANNA JUICE CORNER,https://swiggy.com/restaurants/khanna-juice-corner-krishna-nagar-delhi-376649
El Bueno Coffee Roasters,https://swiggy.com/restaurants/el-bueno-coffee-roasters-kirti-nagar-delhi-579322
BHUKHA SHER,https://swiggy.com/restaurants/bhukha-sher-south-campus-delhi-481861
Dana Paani,https://swiggy.com/restaurants/dana-paani-south-campus-delhi-478060
Shama Chicken Biryan,https://swiggy.com/restaurants/shama-chicken-biryan-kirti-nagar-delhi-519249
DILLI MERI JAAN,https://swiggy.com/restaurants/dilli-meri-jaan-south-campus-delhi-477894
Asha Nani Thali,https://swiggy.com/restaurants/asha-nani-thali-south-extension-delhi-493743
DELHI ZAIKA,https://swiggy.com/restaurants/delhi-zaika-laxmi-nagar-krishna-nagar-delhi-410896
PRINCE FAST FOOD,https://swiggy.com/restaurants/prince-fast-food-laxmi-nagar-krishna-nagar-delhi-305544
KAHI SE BHI,https://swiggy.com/restaurants/kahi-se-bhi-south-campus-delhi-478029
Pizza Never Lies,https://swiggy.com/restaurants/pizza-never-lies-south-campus-delhi-526754
ROTI AUR BOTI XPRESS,https://swiggy.com/restaurants/roti-aur-boti-xpress-south-campus-delhi-478034
Punjabi By Nature,https://swiggy.com/restaurants/punjabi-by-nature-industrial-area-kirti-nagar-delhi-412795
RAJASTHANI ICE CREAM & PAW BHAJI,https://swiggy.com/restaurants/rajasthani-ice-cream-and-paw-bhaji-laxmi-nagar-delhi-571363
The Cheesy Story,https://swiggy.com/restaurants/the-cheesy-story-lajpat-nagar-delhi-560058
MONK,https://swiggy.com/restaurants/monk-lajpat-nagar-delhi-537836
Mahendra sudh khana,https://swiggy.com/restaurants/mahendra-sudh-khana-lajpat-nagar-delhi-564735
murgh da dera,https://swiggy.com/restaurants/murgh-da-dera-lajpat-nagar-delhi-487516
HOUSE OF AWADH,https://swiggy.com/restaurants/house-of-awadh-lajpat-nagar-delhi-526871
New York Waffles & Dinges,https://swiggy.com/restaurants/new-york-waffles-and-dinges-south-extension-delhi-505956
Zaika point,https://swiggy.com/restaurants/zaika-point-dilshad-gardens-delhi-572310
Kwality Chaap Corner,https://swiggy.com/restaurants/kwality-chaap-corner-south-campus-south-moti-bagh-delhi-339390
Stoned Burgers,https://swiggy.com/restaurants/stoned-burgers-south-campus-south-moti-bagh-delhi-223264
Cnc,https://swiggy.com/restaurants/cnc-laxmi-nagar-delhi-508734
RAJASTHANI ICE CREAM & PAW BHAJI,https://swiggy.com/restaurants/rajasthani-ice-cream-and-paw-bhaji-laxmi-nagar-delhi-571363
Brothers Momos Chinese Point,https://swiggy.com/restaurants/brothers-momos-chinese-point-angat-nagar-main-market-laxmi-nagar-delhi-164002
Foodie Raja,https://swiggy.com/restaurants/foodie-raja-geeta-colony-delhi-122636
KING PIZZA OF ITALIAN,https://swiggy.com/restaurants/king-pizza-of-italian-laxmi-nagar-geeta-colony-delhi-323652
MAHAK VADA PAV,https://swiggy.com/restaurants/mahak-vada-pav-laxmi-nagar-delhi-589727
The Chai Story,https://swiggy.com/restaurants/the-chai-story-sarojni-nagar-sarojini-nagar-delhi-60154
JACK IN THE BOX,https://swiggy.com/restaurants/jack-in-the-box-laxmi-nagar-delhi-589732
Ziu - An Asian Kitchen,https://swiggy.com/restaurants/ziu-an-asian-kitchen-r-k-puram-sangam-courtyard-rk-puram-delhi-46013
Pizza RP,https://swiggy.com/restaurants/pizza-rp-laxmi-nagar-shakarpur-khas-delhi-60128
Jyoti Chaat Corner,https://swiggy.com/restaurants/jyoti-chaat-corner-laxmi-nagar-delhi-483272
Winzo Foods,https://swiggy.com/restaurants/winzo-foods-south-campus-south-moti-bagh-delhi-361884
THE PEPPER TALES,https://swiggy.com/restaurants/the-pepper-tales-najafgarh-delhi-464992
Delicious Dhaba,https://swiggy.com/restaurants/delicious-dhaba-kirti-nagar-delhi-579645
Sandwich Maniac,https://swiggy.com/restaurants/sandwich-maniac-uday-park-south-extension-ii-delhi-48819
The Pizza Swag,https://swiggy.com/restaurants/the-pizza-swag-laxmi-nagar-delhi-396889
MOMOS DARBAR ,https://swiggy.com/restaurants/momos-darbar-lajpat-nagar-delhi-419884
Big Byte Takeaway,https://swiggy.com/restaurants/big-byte-takeaway-south-extension-delhi-450620
Coffee Therapy,https://swiggy.com/restaurants/coffee-therapy-south-campus-delhi-537170
KING PIZZA OF ITALIAN,https://swiggy.com/restaurants/king-pizza-of-italian-laxmi-nagar-geeta-colony-delhi-323652
LET'S DO DELLI,https://swiggy.com/restaurants/lets-do-delli-lajpat-nagar-delhi-565361
The Unique Cakery,https://swiggy.com/restaurants/the-unique-cakery-south-delhi-delhi-550299
Dhaba Culture By Rajshree,https://swiggy.com/restaurants/dhaba-culture-by-rajshree-dilshad-gardens-laxmi-nagar-delhi-503618
Tikka Taj,https://swiggy.com/restaurants/tikka-taj-karol-bagh-delhi-553910
Rajshrees Kitchen,https://swiggy.com/restaurants/rajshrees-kitchen-laxmi-nagar-delhi-504203
Innings Break Cafe,https://swiggy.com/restaurants/innings-break-cafe-laxmi-nagar-delhi-574563
Anardana,https://swiggy.com/restaurants/anardana-south-campus-delhi-513169
Pind De Chur Chur Naan by Pind Balluchi,https://swiggy.com/restaurants/pind-de-chur-chur-naan-by-pind-balluchi-lajpat-nagar-delhi-359195
The bowl club by Pind Balluchi,https://swiggy.com/restaurants/the-bowl-club-by-pind-balluchi-lajpat-nagar-delhi-359197
Al Pizzaria & Foods,https://swiggy.com/restaurants/al-pizzaria-and-foods-lajpat-nagar-delhi-590500
Green Life Cafe,https://swiggy.com/restaurants/green-life-cafe-kirti-nagar-moti-nagar-delhi-488904
Winzo Foods,https://swiggy.com/restaurants/winzo-foods-south-campus-south-moti-bagh-delhi-361884
THE PEPPER TALES,https://swiggy.com/restaurants/the-pepper-tales-najafgarh-delhi-464992
Delicious Dhaba,https://swiggy.com/restaurants/delicious-dhaba-kirti-nagar-delhi-579645
Sandwich Maniac,https://swiggy.com/restaurants/sandwich-maniac-uday-park-south-extension-ii-delhi-48819
The Pizza Swag,https://swiggy.com/restaurants/the-pizza-swag-laxmi-nagar-delhi-396889
MOMOS DARBAR ,https://swiggy.com/restaurants/momos-darbar-lajpat-nagar-delhi-419884
Big Byte Takeaway,https://swiggy.com/restaurants/big-byte-takeaway-south-extension-delhi-450620
Coffee Therapy,https://swiggy.com/restaurants/coffee-therapy-south-campus-delhi-537170
KING PIZZA OF ITALIAN,https://swiggy.com/restaurants/king-pizza-of-italian-laxmi-nagar-geeta-colony-delhi-323652
LET'S DO DELLI,https://swiggy.com/restaurants/lets-do-delli-lajpat-nagar-delhi-565361
The Unique Cakery,https://swiggy.com/restaurants/the-unique-cakery-south-delhi-delhi-550299
Dhaba Culture By Rajshree,https://swiggy.com/restaurants/dhaba-culture-by-rajshree-dilshad-gardens-laxmi-nagar-delhi-503618
Lemon kitchen,https://swiggy.com/restaurants/lemon-kitchen-south-extension-delhi-429924
MANI'S CHICKEN INN,https://swiggy.com/restaurants/manis-chicken-inn-chwala-chicken-near-laxmi-nager-geeta-colony-police-station-opposite-delhi-542810
The Branch Cafe,https://swiggy.com/restaurants/the-branch-cafe-south-ex-2-south-extension-ii-delhi-58696
Nice Pizza Point,https://swiggy.com/restaurants/nice-pizza-point-shahdara-laxmi-nagar-delhi-436460
Kadak Singh,https://swiggy.com/restaurants/kadak-singh-south-extension-delhi-577958
The Unique Cakery,https://swiggy.com/restaurants/the-unique-cakery-south-delhi-delhi-550299
Kumar's Annapurna,https://swiggy.com/restaurants/kumars-annapurna-sher-singh-bazar-delhi-delhi-18041
Sushi Junction,https://swiggy.com/restaurants/sushi-junction-laxmi-nagar-delhi-545689
Kathi JUNCTION,https://swiggy.com/restaurants/kathi-junction-laxmi-nagar-delhi-512759
Pal Refreshment Corner,https://swiggy.com/restaurants/pal-refreshment-corner-jangpura-extension-market-new-lajpat-nagar-delhi-11809
La Piazza - Hyatt regency Delhi,https://swiggy.com/restaurants/la-piazza-hyatt-regency-delhi-r-k-puram-rama-krishna-puram-delhi-264528
Desi Ghee Ka Khana,https://swiggy.com/restaurants/desi-ghee-ka-khana-bhogal-lajpat-nagar-delhi-574620
Moti Mahal Delux,https://swiggy.com/restaurants/moti-mahal-delux-defence-colony-delhi-58977
Asha Nani Thali,https://swiggy.com/restaurants/asha-nani-thali-south-extension-delhi-493743
THE 3 STOREY MULTICUISINE RESTAURANT,https://swiggy.com/restaurants/the-3-storey-multicuisine-restaurant-krishna-nagar-laxmi-nagar-delhi-438964
Singh Chicken Corner,https://swiggy.com/restaurants/singh-chicken-corner-kirti-nagar-delhi-400569
Advance Cakery,https://swiggy.com/restaurants/advance-cakery-krishna-nagar-delhi-551977
Humpty Dumpty (Rice Bowl & Momos) ,https://swiggy.com/restaurants/humpty-dumpty-rice-bowl-and-momos-south-extension-delhi-563222
Pizza Toppings,https://swiggy.com/restaurants/pizza-toppings-laxmi-nagar-delhi-479137
Cnc,https://swiggy.com/restaurants/cnc-laxmi-nagar-delhi-508734
CHINESE WOW,https://swiggy.com/restaurants/chinese-wow-lajpat-nagar-delhi-462159
BIRYANI TALES,https://swiggy.com/restaurants/biryani-tales-lajpat-nagar-delhi-462158
STUPID BAR & KITCHEN,https://swiggy.com/restaurants/stupid-bar-and-kitchen-central-market-2-lajpat-nagar-delhi-341649
YAARA DI KITCHEN,https://swiggy.com/restaurants/yaara-di-kitchen-mayur-vihar-delhi-526513
Tiffin Fax,https://swiggy.com/restaurants/tiffin-fax-kirti-nagar-delhi-567601
Murliwala Chinese hub,https://swiggy.com/restaurants/murliwala-chinese-hub-laxmi-nagar-delhi-562153
Paan Aroma,https://swiggy.com/restaurants/paan-aroma-south-extension-delhi-515186
Purana Chaman Dhaba,https://swiggy.com/restaurants/purana-chaman-dhaba-laxmi-nagar-delhi-499734
Foodies junction,https://swiggy.com/restaurants/foodies-junction-laxmi-nagar-delhi-547506
What a Waffle,https://swiggy.com/restaurants/what-a-waffle-south-ex-2-south-extension-ii-delhi-58813
Le Chef Restaurant,https://swiggy.com/restaurants/le-chef-restaurant-laxmi-nagar-geeta-colony-delhi-553967
Yo Anna Food,https://swiggy.com/restaurants/yo-anna-food-south-campus-r-k-puram-delhi-445468
King Starters,https://swiggy.com/restaurants/king-starters-laxmi-nagar-delhi-516974
Lemon kitchen,https://swiggy.com/restaurants/lemon-kitchen-south-extension-delhi-429924
Nice Pizza Point,https://swiggy.com/restaurants/nice-pizza-point-shahdara-laxmi-nagar-delhi-436460
SINDHI RASOI,https://swiggy.com/restaurants/sindhi-rasoi-south-campus-delhi-520294
The Hungers Point,https://swiggy.com/restaurants/the-hungers-point-lajpat-nagar-delhi-321208
Dilli Nukkad,https://swiggy.com/restaurants/dilli-nukkad-new-lajpat-nagar-delhi-295756
Thali junction,https://swiggy.com/restaurants/thali-junction-lajpat-nagar-delhi-482198
Katyal Fast Food,https://swiggy.com/restaurants/katyal-fast-food-laxmi-nagar-delhi-550581
BAKE RIDERS,https://swiggy.com/restaurants/bake-riders-laxmi-nagar-delhi-453961
RDX RELOADED,https://swiggy.com/restaurants/rdx-reloaded-safdarjung-enclave-delhi-329818
The shake cafe,https://swiggy.com/restaurants/the-shake-cafe-laxmi-nagar-geeta-colony-delhi-583404
786 Chicken Biryani,https://swiggy.com/restaurants/786-chicken-biryani-lajpat-nagar-delhi-554990
YO YO MOMOS,https://swiggy.com/restaurants/yo-yo-momos-laxmi-nagar-geeta-colony-delhi-426773
Apki Apni Rasoi,https://swiggy.com/restaurants/apki-apni-rasoi-mayur-vihar-delhi-580977
Food club,https://swiggy.com/restaurants/food-club-lajpat-nagar-delhi-536181
Pate Full,https://swiggy.com/restaurants/pate-full-laxmi-nagar-delhi-575726
Funky Paratha,https://swiggy.com/restaurants/funky-paratha-laxmi-nagar-delhi-561195
Kitchen 65,https://swiggy.com/restaurants/kitchen-65-laxmi-nagar-delhi-487082
Food Time,https://swiggy.com/restaurants/food-time-mayur-vihar-delhi-449152
Gulab Wala,https://swiggy.com/restaurants/gulab-wala-green-park-fc-delhi-580491
The Branch Cafe,https://swiggy.com/restaurants/the-branch-cafe-south-ex-2-south-extension-ii-delhi-58696
Som Ki Rasoi(shudh shakahari),https://swiggy.com/restaurants/som-ki-rasoi-shudh-shakahari-mayur-vihar-delhi-514373
The Meme Story,https://swiggy.com/restaurants/the-meme-story-laxmi-nagar-delhi-487671
Jindal's Food,https://swiggy.com/restaurants/jindals-food-laxmi-nagar-delhi-399921
O pizza,https://swiggy.com/restaurants/o-pizza-mayur-vihar-delhi-552979
Food Bus Of India,https://swiggy.com/restaurants/food-bus-of-india-lajpat-nagar-delhi-533744
Scoops & Smile,https://swiggy.com/restaurants/scoops-and-smile-mayur-vihar-delhi-496594
Biryani & Pulao Collection by ITC Hotels,https://swiggy.com/restaurants/biryani-and-pulao-collection-by-itc-hotels-south-campus-chanakyapuri-delhi-334999
PASTASCIUTTA,https://swiggy.com/restaurants/pastasciutta-laxmi-nagar-mayur-vihar-delhi-472720
I am Momo's,https://swiggy.com/restaurants/i-am-momos-laxmi-nagar-mayur-vihar-delhi-472724
Pema Food Corner,https://swiggy.com/restaurants/pema-food-corner-pandav-nagar-delhi-570039
Food plaza,https://swiggy.com/restaurants/food-plaza-mayur-vihar-delhi-517053
YO YO MOMOS,https://swiggy.com/restaurants/yo-yo-momos-laxmi-nagar-geeta-colony-delhi-426773
Apki Apni Rasoi,https://swiggy.com/restaurants/apki-apni-rasoi-mayur-vihar-delhi-580977
Food club,https://swiggy.com/restaurants/food-club-lajpat-nagar-delhi-536181
Pate Full,https://swiggy.com/restaurants/pate-full-laxmi-nagar-delhi-575726
Funky Paratha,https://swiggy.com/restaurants/funky-paratha-laxmi-nagar-delhi-561195
Kitchen 65,https://swiggy.com/restaurants/kitchen-65-laxmi-nagar-delhi-487082
Food Time,https://swiggy.com/restaurants/food-time-mayur-vihar-delhi-449152
Gulab Wala,https://swiggy.com/restaurants/gulab-wala-green-park-fc-delhi-580491
The Branch Cafe,https://swiggy.com/restaurants/the-branch-cafe-south-ex-2-south-extension-ii-delhi-58696
Som Ki Rasoi(shudh shakahari),https://swiggy.com/restaurants/som-ki-rasoi-shudh-shakahari-mayur-vihar-delhi-514373
The Meme Story,https://swiggy.com/restaurants/the-meme-story-laxmi-nagar-delhi-487671
Jindal's Food,https://swiggy.com/restaurants/jindals-food-laxmi-nagar-delhi-399921
O pizza,https://swiggy.com/restaurants/o-pizza-mayur-vihar-delhi-552979
Food Bus Of India,https://swiggy.com/restaurants/food-bus-of-india-lajpat-nagar-delhi-533744
Scoops & Smile,https://swiggy.com/restaurants/scoops-and-smile-mayur-vihar-delhi-496594
Biryani & Pulao Collection by ITC Hotels,https://swiggy.com/restaurants/biryani-and-pulao-collection-by-itc-hotels-south-campus-chanakyapuri-delhi-334999
PASTASCIUTTA,https://swiggy.com/restaurants/pastasciutta-laxmi-nagar-mayur-vihar-delhi-472720
I am Momo's,https://swiggy.com/restaurants/i-am-momos-laxmi-nagar-mayur-vihar-delhi-472724
Pema Food Corner,https://swiggy.com/restaurants/pema-food-corner-pandav-nagar-delhi-570039
Food plaza,https://swiggy.com/restaurants/food-plaza-mayur-vihar-delhi-517053
A-ONE CHICKEN MURADABADI BIRYANI,https://swiggy.com/restaurants/a-one-chicken-muradabadi-biryani-mayur-vihar-delhi-567733
Matka Biryani Corner,https://swiggy.com/restaurants/matka-biryani-corner-mayur-vihar-delhi-553364
biryani by kimo,https://swiggy.com/restaurants/biryani-by-kimo-mayur-vihar-delhi-528387
Hilton restaurant,https://swiggy.com/restaurants/hilton-restaurant-mayur-vihar-delhi-516395
24/7 MUMMY DI RASOI,https://swiggy.com/restaurants/24-7-mummy-di-rasoi-laxmi-nagar-delhi-557443
Junction of food,https://swiggy.com/restaurants/junction-of-food-mayur-vihar-delhi-520358
Koyla Kebab,https://swiggy.com/restaurants/koyla-kebab-defence-colony-market-lajpat-nagar-delhi-13892
Cakes Of Dreams,https://swiggy.com/restaurants/cakes-of-dreams-laxmi-nagar-delhi-591399
Flavour Of Italy,https://swiggy.com/restaurants/flavour-of-italy-south-extension-delhi-584108
1 Oak Cafe & Bar,https://swiggy.com/restaurants/1-oak-cafe-and-bar-lajpat-nagar-delhi-577165
Honey The Kathi Roll,https://swiggy.com/restaurants/honey-the-kathi-roll-mayur-vihar-delhi-571671
Desi Frangi,https://swiggy.com/restaurants/desi-frangi-laxmi-nagar-delhi-570105
AADI The Kathi Roll,https://swiggy.com/restaurants/aadi-the-kathi-roll-mayur-vihar-delhi-571669
Biryani Bowl,https://swiggy.com/restaurants/biryani-bowl-laxmi-nagar-mayur-vihar-delhi-474439
Spicy hut,https://swiggy.com/restaurants/spicy-hut-mayur-vihar-delhi-487708
Sugar Room,https://swiggy.com/restaurants/sugar-room-lajpat-nagar-delhi-582086
Momo Mom by Oriental Mom,https://swiggy.com/restaurants/momo-mom-by-oriental-mom-mayur-vihar-delhi-573773
GolgapppaG,https://swiggy.com/restaurants/golgapppag-mayur-vihar-delhi-492874
JANTA MEAT AND CHICKEN SHOP,https://swiggy.com/restaurants/janta-meat-and-chicken-shop-south-extension-delhi-475062
Singh Chicken Corner,https://swiggy.com/restaurants/singh-chicken-corner-kirti-nagar-delhi-400569
Manisha's Bakery 24x7,https://swiggy.com/restaurants/manishas-bakery-24x7-laxmi-nagar-delhi-578162
OHB PIZZA,https://swiggy.com/restaurants/ohb-pizza-laxmi-nagar-geeta-colony-delhi-291270
Optimum Quick Bites,https://swiggy.com/restaurants/optimum-quick-bites-laxmi-nagar-geeta-colony-delhi-240236
INA KITCHEN CO.,https://swiggy.com/restaurants/ina-kitchen-co-south-extension-ina-colony-delhi-335920
APNA CHULHA,https://swiggy.com/restaurants/apna-chulha-mayur-vihar-delhi-582859
Aryan Chicken Hub,https://swiggy.com/restaurants/aryan-chicken-hub-mayur-vihar-delhi-586651
Elegant cuisine house,https://swiggy.com/restaurants/elegant-cuisine-house-south-extension-delhi-422012
Curries and Tikkaas,https://swiggy.com/restaurants/curries-and-tikkaas-greater-kailash-2-lajpat-nagar-delhi-427700
RJ Foods & Services,https://swiggy.com/restaurants/rj-foods-and-services-laxmi-nagar-delhi-484755
MOkru,https://swiggy.com/restaurants/mokru-lajpat-nagar-delhi-493484
THE JFC,https://swiggy.com/restaurants/the-jfc-west-patel-nagar-delhi-528886
Ugly Delicious - Saucy Monster Bowls,https://swiggy.com/restaurants/ugly-delicious-saucy-monster-bowls-lajpat-nagar-delhi-558635
CAPTAIN PARANTHA,https://swiggy.com/restaurants/captain-parantha-south-extension-delhi-556237
Soya Tandoori Junction,https://swiggy.com/restaurants/soya-tandoori-junction-lajpat-nagar-delhi-547796
Eis & Bites,https://swiggy.com/restaurants/eis-and-bites-laxmi-nagar-delhi-583420
MOKOPINEWRAP,https://swiggy.com/restaurants/mokopinewrap-laxmi-nagar-delhi-510049
Ice Cream House,https://swiggy.com/restaurants/ice-cream-house-mayur-vihar-delhi-455175
The Golden Dragon,https://swiggy.com/restaurants/the-golden-dragon-lajpat-nagar-delhi-576975
Fuel Juice Bar,https://swiggy.com/restaurants/fuel-juice-bar-hauz-khas-south-extension-part-2-delhi-398630
THE ROYAL BIRYANI,https://swiggy.com/restaurants/the-royal-biryani-patel-nagar-west-patel-nagar-delhi-549513
Krishna Murari Paranthe Wale,https://swiggy.com/restaurants/krishna-murari-paranthe-wale-south-extension-delhi-527394
Cake Event,https://swiggy.com/restaurants/cake-event-laxmi-nagar-delhi-571386
Yo Mama Snacks,https://swiggy.com/restaurants/yo-mama-snacks-mayur-vihar-delhi-571380
NIRALA HOUSE KITCHEN,https://swiggy.com/restaurants/nirala-house-kitchen-shahdara-laxmi-nagar-delhi-450501
Milk Patisserie,https://swiggy.com/restaurants/milk-patisserie-defence-colony-south-extension-delhi-35580
The sandwich castle,https://swiggy.com/restaurants/the-sandwich-castle-laxmi-nagar-nirman-vihar-delhi-314674
FUSION N BEVERAGES,https://swiggy.com/restaurants/fusion-n-beverages-laxmi-nagar-mayur-vihar-delhi-477621
DAY & NIGHT PIZZA,https://swiggy.com/restaurants/day-and-night-pizza-laxmi-nagar-delhi-477018
Chinese Saucer,https://swiggy.com/restaurants/chinese-saucer-laxmi-nagar-preet-vihar-delhi-310951
SARDAR JI MAGGIE WALE,https://swiggy.com/restaurants/sardar-ji-maggie-wale-laxmi-nagar-delhi-477043
FOOD PORN,https://swiggy.com/restaurants/food-porn-south-campus-delhi-560186
LUMINOUS WOK,https://swiggy.com/restaurants/luminous-wok-south-campus-delhi-584743
DRAGONFLY CHINA,https://swiggy.com/restaurants/dragonfly-china-south-campus-delhi-584745
CUISINE QI,https://swiggy.com/restaurants/cuisine-qi-south-campus-delhi-584744
Cake & Co,https://swiggy.com/restaurants/cake-and-co-kirti-nagar-delhi-417780
BURGER TOWN,https://swiggy.com/restaurants/burger-town-laxmi-nagar-delhi-477029
KURKURE JUNCTION,https://swiggy.com/restaurants/kurkure-junction-laxmi-nagar-delhi-477028
Pet Pooja,https://swiggy.com/restaurants/pet-pooja-south-extension-south-extension-i-delhi-337636
ROYAL PIZZA,https://swiggy.com/restaurants/royal-pizza-laxmi-nagar-delhi-477015
S. KING CAFE,https://swiggy.com/restaurants/s-king-cafe-mayur-vihar-delhi-519637
Satvik Rasoi,https://swiggy.com/restaurants/satvik-rasoi-laxmi-nagar-delhi-565777
Shinchann Cafe,https://swiggy.com/restaurants/shinchann-cafe-lajpat-nagar-delhi-544125
Kumar's Annapurna,https://swiggy.com/restaurants/kumars-annapurna-sher-singh-bazar-delhi-delhi-18041
Milk Patisserie,https://swiggy.com/restaurants/milk-patisserie-defence-colony-south-extension-delhi-35580
The sandwich castle,https://swiggy.com/restaurants/the-sandwich-castle-laxmi-nagar-nirman-vihar-delhi-314674
FUSION N BEVERAGES,https://swiggy.com/restaurants/fusion-n-beverages-laxmi-nagar-mayur-vihar-delhi-477621
DAY & NIGHT PIZZA,https://swiggy.com/restaurants/day-and-night-pizza-laxmi-nagar-delhi-477018
Chinese Saucer,https://swiggy.com/restaurants/chinese-saucer-laxmi-nagar-preet-vihar-delhi-310951
SARDAR JI MAGGIE WALE,https://swiggy.com/restaurants/sardar-ji-maggie-wale-laxmi-nagar-delhi-477043
FOOD PORN,https://swiggy.com/restaurants/food-porn-south-campus-delhi-560186
LUMINOUS WOK,https://swiggy.com/restaurants/luminous-wok-south-campus-delhi-584743
DRAGONFLY CHINA,https://swiggy.com/restaurants/dragonfly-china-south-campus-delhi-584745
CUISINE QI,https://swiggy.com/restaurants/cuisine-qi-south-campus-delhi-584744
Cake & Co,https://swiggy.com/restaurants/cake-and-co-kirti-nagar-delhi-417780
BURGER TOWN,https://swiggy.com/restaurants/burger-town-laxmi-nagar-delhi-477029
KURKURE JUNCTION,https://swiggy.com/restaurants/kurkure-junction-laxmi-nagar-delhi-477028
WIFI GRILL HUB,https://swiggy.com/restaurants/wifi-grill-hub-laxmi-nagar-mayur-vihar-delhi-423356
Ask Cake Shop,https://swiggy.com/restaurants/ask-cake-shop-laxmi-nagar-delhi-214555
Vindhwashni Bakers Confectioner & Florist,https://swiggy.com/restaurants/vindhwashni-bakers-confectioner-and-florist-laxmi-nagar-delhi-243080
Swaad Restaurant (Aksha Foods),https://swiggy.com/restaurants/swaad-restaurant-aksha-foods-laxmi-nagar-delhi-107010
Shel Food Cafe,https://swiggy.com/restaurants/shel-food-cafe-laxmi-nagar-delhi-528178
MEHAK FOODS,https://swiggy.com/restaurants/mehak-foods-laxmi-nagar-delhi-589748
Cake Point,https://swiggy.com/restaurants/cake-point-laxmi-nager-laxmi-nagar-delhi-158020
Cake 24x7,https://swiggy.com/restaurants/cake-24x7-laxmi-nagar-delhi-299417
AL AMIN CHICKEN AND MUTTON,https://swiggy.com/restaurants/al-amin-chicken-and-mutton-laxmi-nagar-delhi-577471
POHA PASTA CAFE,https://swiggy.com/restaurants/poha-pasta-cafe-laxmi-nagar-delhi-287011
PATIALA SHAHI JUNCTION- THE FOOD CAFE,https://swiggy.com/restaurants/patiala-shahi-junction-the-food-cafe-laxmi-nagar-delhi-313138
Hot Chilli Chinese Food,https://swiggy.com/restaurants/hot-chilli-chinese-food-mayur-vihar-delhi-589298
The cake bakery,https://swiggy.com/restaurants/the-cake-bakery-laxmi-nagar-delhi-513222
Shakes Cyclone,https://swiggy.com/restaurants/shakes-cyclone-laxmi-nagar-delhi-493734
PIZZA BASKET,https://swiggy.com/restaurants/pizza-basket-mayur-vihar-delhi-495968
Nanha Punjab,https://swiggy.com/restaurants/nanha-punjab-laxmi-nagar-delhi-552565
Scoops & Smile,https://swiggy.com/restaurants/scoops-and-smile-mayur-vihar-delhi-496594
Cake 24x7,https://swiggy.com/restaurants/cake-24x7-laxmi-nagar-delhi-299417
Thali junction,https://swiggy.com/restaurants/thali-junction-lajpat-nagar-delhi-482198
AL AMIN CHICKEN AND MUTTON,https://swiggy.com/restaurants/al-amin-chicken-and-mutton-laxmi-nagar-delhi-577471
POHA PASTA CAFE,https://swiggy.com/restaurants/poha-pasta-cafe-laxmi-nagar-delhi-287011
Sushi and More,https://swiggy.com/restaurants/sushi-and-more-south-campus-chanakyapuri-delhi-359845
EAT UP INDIA,https://swiggy.com/restaurants/eat-up-india-laxmi-nagar-delhi-521688
PRINCE FAST FOOD,https://swiggy.com/restaurants/prince-fast-food-laxmi-nagar-krishna-nagar-delhi-305544
Chandni Chowk Paratha Corner,https://swiggy.com/restaurants/chandni-chowk-paratha-corner-laxmi-nagar-delhi-478989
CYBER FOOD,https://swiggy.com/restaurants/cyber-food-laxmi-nagar-delhi-528720
BHOJDWAR FAMILY RESTAURANT,https://swiggy.com/restaurants/bhojdwar-family-restaurant-laxmi-nagar-delhi-577099
Wat A Paratha,https://swiggy.com/restaurants/wat-a-paratha-janakpuri-delhi-561986
Midnight Paratha Junction,https://swiggy.com/restaurants/midnight-paratha-junction-janakpuri-delhi-562821
The cake bakery,https://swiggy.com/restaurants/the-cake-bakery-laxmi-nagar-delhi-513222
Shakes Cyclone,https://swiggy.com/restaurants/shakes-cyclone-laxmi-nagar-delhi-493734
DD FOOD HOUSE,https://swiggy.com/restaurants/dd-food-house-laxmi-nagar-delhi-444328
Annapurna Food Corner,https://swiggy.com/restaurants/annapurna-food-corner-laxmi-nagar-delhi-575658
Make My Thali,https://swiggy.com/restaurants/make-my-thali-laxmi-nagar-delhi-496562
Cafe by Foodhall,https://swiggy.com/restaurants/cafe-by-foodhall-yashwant-palace-chanakyapuri-delhi-244066
Moti Mahal Delux (Tandoori Trail),https://swiggy.com/restaurants/moti-mahal-delux-tandoori-trail-laxmi-nagar-delhi-482262
Brothers Momos Chinese Point,https://swiggy.com/restaurants/brothers-momos-chinese-point-angat-nagar-main-market-laxmi-nagar-delhi-164002
Vidya Bakery,https://swiggy.com/restaurants/vidya-bakery-laxmi-nagar-delhi-114576
MARWADI PARATHA HOUSE,https://swiggy.com/restaurants/marwadi-paratha-house-laxmi-nagar-delhi-467555
Kings Dhaba,https://swiggy.com/restaurants/kings-dhaba-laxmi-nagar-delhi-116095
Chinese Monkey,https://swiggy.com/restaurants/chinese-monkey-lajpat-nagar-delhi-585786
Chinese Town,https://swiggy.com/restaurants/chinese-town-lajpat-nagar-delhi-585773
MR MOMOS,https://swiggy.com/restaurants/mr-momos-lajpat-nagar-delhi-574003
THE CHILLOUT,https://swiggy.com/restaurants/the-chillout-mayur-vihar-delhi-590219
Pal Refreshment Corner,https://swiggy.com/restaurants/pal-refreshment-corner-jangpura-extension-market-new-lajpat-nagar-delhi-11809
Takeout Cafe,https://swiggy.com/restaurants/takeout-cafe-lajpat-nagar-delhi-585720
Love At First Bite,https://swiggy.com/restaurants/love-at-first-bite-lajpat-nagar-delhi-585728
INOX,https://swiggy.com/restaurants/inox-eros-jangpura-block-h-delhi-260130
Dial For Cake,https://swiggy.com/restaurants/dial-for-cake-laxmi-nagar-delhi-158142
Punjabi Flavours,https://swiggy.com/restaurants/punjabi-flavours-flyover-market-defence-colony-block-m-delhi-33780
Chinese Chilli,https://swiggy.com/restaurants/chinese-chilli-laxmi-nagar-delhi-405043
Romeo Lane,https://swiggy.com/restaurants/romeo-lane-lajpat-nagar-defence-colony-delhi-545348
SMILE DARBAR,https://swiggy.com/restaurants/smile-darbar-old-delhi-delhi-329807
Cook 25,https://swiggy.com/restaurants/cook-25-laxmi-nagar-delhi-513512
Arya Food & Baker,https://swiggy.com/restaurants/arya-food-and-baker-south-extension-delhi-509021
Italy Burger,https://swiggy.com/restaurants/italy-burger-laxmi-nagar-delhi-535550
HUNGERFOX FOODS PRIVATE LIMITED,https://swiggy.com/restaurants/hungerfox-foods-private-limited-laxmi-nagar-delhi-421758
CHETNA'S DELICIOUS PIZZA,https://swiggy.com/restaurants/chetnas-delicious-pizza-laxmi-nagar-delhi-484298
1 Oak Cafe & Bar,https://swiggy.com/restaurants/1-oak-cafe-and-bar-lajpat-nagar-delhi-577165
Vidya Bakery,https://swiggy.com/restaurants/vidya-bakery-laxmi-nagar-delhi-114576
IMYAPA,https://swiggy.com/restaurants/imyapa-south-extension-delhi-328772
Bakery 24 7,https://swiggy.com/restaurants/bakery-24-7-gurunanak-pura-laxmi-nagar-delhi-170892
Sandwich Yard,https://swiggy.com/restaurants/sandwich-yard-laxmi-nagar-delhi-511191
Mini Cafe,https://swiggy.com/restaurants/mini-cafe-laxmi-nagar-delhi-572557
Love At First Bite,https://swiggy.com/restaurants/love-at-first-bite-lajpat-nagar-delhi-585728
INOX,https://swiggy.com/restaurants/inox-eros-jangpura-block-h-delhi-260130
GOLDEN DRAGON,https://swiggy.com/restaurants/golden-dragon-lajpat-nagar-delhi-571037
Noto Healthy Ice Cream,https://swiggy.com/restaurants/noto-healthy-ice-cream-khan-market-delhi-497508
Mr. Pandit Ji Parantha Hut,https://swiggy.com/restaurants/mr-pandit-ji-parantha-hut-laxmi-nagar-delhi-429821
Cook 25,https://swiggy.com/restaurants/cook-25-laxmi-nagar-delhi-513512
HUNGERFOX FOODS PRIVATE LIMITED,https://swiggy.com/restaurants/hungerfox-foods-private-limited-laxmi-nagar-delhi-421758
CRAVINGZ NATION,https://swiggy.com/restaurants/cravingz-nation-laxmi-nagar-delhi-402329
CHETNA'S DELICIOUS PIZZA,https://swiggy.com/restaurants/chetnas-delicious-pizza-laxmi-nagar-delhi-484298
Joz Biryani King,https://swiggy.com/restaurants/joz-biryani-king-laxmi-nagar-delhi-504109
Bakery by Foodhall,https://swiggy.com/restaurants/bakery-by-foodhall-south-campus-chanakyapuri-delhi-339638
The Lalit Dhaba,https://swiggy.com/restaurants/the-lalit-dhaba-mayur-vihar-delhi-565925
Kent's fast food,https://swiggy.com/restaurants/kents-fast-food-south-extension-delhi-590941
4S Chinese Restaurant,https://swiggy.com/restaurants/4s-chinese-restaurant-defence-colony-delhi-4470
Nature's Soul Kitchen,https://swiggy.com/restaurants/natures-soul-kitchen-south-extension-defence-colony-delhi-521090
Indian Flavours Dhaba,https://swiggy.com/restaurants/indian-flavours-dhaba-mayur-vihar-delhi-584643
Anything But Sugar,https://swiggy.com/restaurants/anything-but-sugar-defence-colony-near-twenty-four-seven-and-apple-store-south-extension-delhi-338379
Chandni Chowk Paratha Corner,https://swiggy.com/restaurants/chandni-chowk-paratha-corner-laxmi-nagar-delhi-478989
PARANTHA IN DESI GHEE,https://swiggy.com/restaurants/parantha-in-desi-ghee-laxmi-nagar-delhi-464952
PANDIT JI PARATHA HUT,https://swiggy.com/restaurants/pandit-ji-paratha-hut-laxmi-nagar-delhi-437388
Bhaj Govindam,https://swiggy.com/restaurants/bhaj-govindam-laxmi-nagar-shakarpur-khas-delhi-194097
The Chinese Kafei,https://swiggy.com/restaurants/the-chinese-kafei-vijay-block-laxminagar-laxmi-nagar-delhi-87003
bharat fast food corner,https://swiggy.com/restaurants/bharat-fast-food-corner-shakarpur-shakarpur-khas-delhi-142917
FRUITTO FRESH,https://swiggy.com/restaurants/fruitto-fresh-lajpat-nagar-delhi-397900
My Punjab,https://swiggy.com/restaurants/my-punjab-south-extension-hauz-khas-delhi-404757
CHINEESE DRAGON,https://swiggy.com/restaurants/chineese-dragon-laxmi-nagar-delhi-588728
LAGUNA SIZZLERS,https://swiggy.com/restaurants/laguna-sizzlers-south-campus-chanakyapuri-delhi-356256
Hira Bakery,https://swiggy.com/restaurants/hira-bakery-laxmi-nagar-delhi-578763
Kamil Biryani,https://swiggy.com/restaurants/kamil-biryani-laxmi-nagar-delhi-393885
Sushi Junction,https://swiggy.com/restaurants/sushi-junction-laxmi-nagar-delhi-545689
Chinese Chilli,https://swiggy.com/restaurants/chinese-chilli-laxmi-nagar-delhi-405043
Hungerout Pizza,https://swiggy.com/restaurants/hungerout-pizza-rohini-nsp-delhi-464201
Food Factory,https://swiggy.com/restaurants/food-factory-vijay-block-gopala-complex-laxminagar-new-laxmi-nagar-delhi-124722
Daebak Cafe - Delight In Every Bite,https://swiggy.com/restaurants/daebak-cafe-delight-in-every-bite-laxmi-nagar-delhi-539723
Little Dragon,https://swiggy.com/restaurants/little-dragon-lajpat-nagar-delhi-552687
Pizza Junction,https://swiggy.com/restaurants/pizza-junction-lajpat-nagar-delhi-582292
Icecream By Bubble Waffle,https://swiggy.com/restaurants/icecream-by-bubble-waffle-nagar-laxmi-delhi-466065
crepe king,https://swiggy.com/restaurants/crepe-king-nagar-laxmi-delhi-466072
Pasta By Eataliano,https://swiggy.com/restaurants/pasta-by-eataliano-nagar-laxmi-delhi-459113
Jain's Pizza Shakarpur,https://swiggy.com/restaurants/jains-pizza-shakarpur-laxmi-nagar-delhi-530249
Wreck Burgers,https://swiggy.com/restaurants/wreck-burgers-nagar-laxmi-delhi-459108
Bake n Shake,https://swiggy.com/restaurants/bake-n-shake-laxmi-nagar-delhi-531541
The cake n cafe,https://swiggy.com/restaurants/the-cake-n-cafe-laxmi-nagar-shakarpur-khas-delhi-420930
Peaky burgers,https://swiggy.com/restaurants/peaky-burgers-laxmi-nagar-delhi-379009
momo mafia,https://swiggy.com/restaurants/momo-mafia-nagar-laxmi-delhi-465874
DD FOOD HOUSE,https://swiggy.com/restaurants/dd-food-house-laxmi-nagar-delhi-444328
The Pizza Villa,https://swiggy.com/restaurants/the-pizza-villa-lajpat-nagar-delhi-582384
Quick Pizza,https://swiggy.com/restaurants/quick-pizza-lajpat-nagar-delhi-582376
Chinese Chilli,https://swiggy.com/restaurants/chinese-chilli-laxmi-nagar-delhi-405043
Hungerout Pizza,https://swiggy.com/restaurants/hungerout-pizza-rohini-nsp-delhi-464201
Food Factory,https://swiggy.com/restaurants/food-factory-vijay-block-gopala-complex-laxminagar-new-laxmi-nagar-delhi-124722
Daebak Cafe - Delight In Every Bite,https://swiggy.com/restaurants/daebak-cafe-delight-in-every-bite-laxmi-nagar-delhi-539723
Little Dragon,https://swiggy.com/restaurants/little-dragon-lajpat-nagar-delhi-552687
Pizza Junction,https://swiggy.com/restaurants/pizza-junction-lajpat-nagar-delhi-582292
Icecream By Bubble Waffle,https://swiggy.com/restaurants/icecream-by-bubble-waffle-nagar-laxmi-delhi-466065
crepe king,https://swiggy.com/restaurants/crepe-king-nagar-laxmi-delhi-466072
Pasta By Eataliano,https://swiggy.com/restaurants/pasta-by-eataliano-nagar-laxmi-delhi-459113
Jain's Pizza Shakarpur,https://swiggy.com/restaurants/jains-pizza-shakarpur-laxmi-nagar-delhi-530249
Wreck Burgers,https://swiggy.com/restaurants/wreck-burgers-nagar-laxmi-delhi-459108
Bake n Shake,https://swiggy.com/restaurants/bake-n-shake-laxmi-nagar-delhi-531541
The cake n cafe,https://swiggy.com/restaurants/the-cake-n-cafe-laxmi-nagar-shakarpur-khas-delhi-420930
Peaky burgers,https://swiggy.com/restaurants/peaky-burgers-laxmi-nagar-delhi-379009
momo mafia,https://swiggy.com/restaurants/momo-mafia-nagar-laxmi-delhi-465874
DD FOOD HOUSE,https://swiggy.com/restaurants/dd-food-house-laxmi-nagar-delhi-444328
